,airport_code,airport_full_name
0,OCH,"A L Mangham Jr. Regional Airport  Nacogdoches, TX"
1,AYE,AAF Heliport Airport  Fort Devens
2,ARA,Acadiana Regional Airport  New Iberia
3,MFV,Accomack County Airport  Melfa
4,ADK,Adak Island Ns Airport  Adak Island
5,LIT,"Adams Field Airport  Little Rock, AR"
6,ADS,Addison Airport  Dallas
7,SLK,Adirondack Airport  Saranac Lake
8,INS,Af Aux Airport  Indian Springs
9,HST,AFB Airport  Homestead
10,MUO,AFB Airport  Mountain Home
11,OHC,AFS Airport  Northeast Cape
12,PML,AFS Airport  Port Moller
13,ANW,Ainsworth Airport  Ainsworth
14,AKK,Akhiok SPB Airport  Akhiok
15,AKI,Akiak Airport  Akiak
16,CAK,"Akron/canton Regional Airport  Akron/Canton, OH"
17,AUK,Alakanuk Airport  Alakanuk
18,CVO,Albany Airport  Albany
19,ALB,Albany International Airport  Albany
20,CHO,Albemarle Airport  Charlottesville
21,OAJ,Albert J Ellis Airport  Jacksonville
22,AEL,Albert Lea Airport  Albert Lea
23,FEP,Albertus Airport  Freeport
24,ABQ,Albuquerque International Airport  Albuquerque
25,WKK,Aleknagik Airport  Aleknagik
26,AED,Aleneva Airport  Aleneva
27,ISW,Alexander Field Airport  Wisconsin Rapids
28,AXN,Alexandria Airport  Alexandria
29,AXB,Alexandria Bay Airport  Alexandria Bay
30,AEX,"Alexandria International Airport  Alexandria, LA"
31,AXG,Algona Airport  Algona
32,ALI,Alice International Airport  Alice
33,ALZ,Alitak SPB Airport  Alitak
34,AET,Allakaket Airport  Allakaket
35,AGC,Allegheny County Airport  Pittsburgh
36,AOH,Allen County Airport  Lima
37,AIA,Alliance Airport  Alliance
38,APN,Alpena County Regional Airport  Alpena
39,ALE,Alpine Airport  Alpine
40,ALN,Alton Airport  Alton
41,LTS,Altus AFB Airport  Altus
42,AQY,Alyeska Airport  Alyeska
43,ABL,Ambler Airport  Ambler
44,AHT,Amchitka Airport  Amchitka
45,AHC,Amedee AAF Airport  Herlong
46,AMW,Ames Airport  Ames
47,AOS,Amook Airport  Amook
48,OTS,Anacortes Airport  Anacortes
49,AKP,Anaktuvuk Airport  Anaktuvuk
50,AND,Anderson Airport  Anderson
51,AAP,"Andrau Airpark Airport  Houston, TX"
52,ADW,Andrews AFB Airport  Camp Springs
53,ADR,Andrews Airport  Andrews
54,NSF,Andrews NAF Airport  Camp Springs
55,AXX,Angel Fire Airport  Angel Fire
56,ANI,Aniak Airport  Aniak
57,AMK,Animas Airpark Airport  Durango
58,AIB,Anita Bay Airport  Anita Bay
59,ANN,Annette Island Airport  Annette Island
60,ANB,Anniston Metropolitan Airport  Anniston
61,ANY,Anthony Airport  Anthony
62,ATE,Antlers Airport  Antlers
63,ACB,Antrim County Airport  Bellaire
64,ANV,Anvik Airport  Anvik
65,CIB,Ap In The Sky Airport  Catalina Island
66,APV,Apple Valley Airport  Apple Valley
67,RKP,Aransas County Airport  Rockport
68,MGI,"Aransas National Wildlife Refuge Airport  Matagorda Island, TX"
69,APA,Arapahoe Co Airport  Denver
70,ACV,Arcata Airport  Arcata
71,ARC,Arctic Village Airport  Arctic Village
72,ADM,Ardmore Municipal Arpt Airport  Ardmore
73,WLD,Arkansas City Airport  Winfield
74,TUH,Arnold AFS Airport  Tullahoma
75,ATS,Artesia Airport  Artesia
76,ARX,"Asbury Park Airport  Neptune, NJ"
77,AVL,Asheville Regional Airport  Fletcher
78,ASX,Ashland Airport  Ashland
79,ASY,Ashley Airport  Ashley
80,JFN,Ashtabula Airport  Jefferson
81,ASE,Aspen Airport  Aspen
82,AST,Astoria Airport  Astoria
83,AHN,Athens Airport  Athens
84,AKB,Atka Airport  Atka
85,NCQ,"Atlanta Nas Airport  Marietta, GA"
86,ACY,Atlantic City International Airport  Atlantic City
87,ATT,Atmautluak Airport  Atmautluak
88,ATK,Atqasuk Airport  Atqasuk
89,OSX,Attala County Airport  Kosciusko
90,AUN,Auburn Airport  Auburn
91,LEW,Auburn Airport  Lewiston
92,AUO,Auburn-Opelika Airport  Auburn
93,AUG,Augusta Airport  Augusta
94,AUM,Austin Airport  Austin
95,ASQ,Austin Airport  Austin
96,AUS,Austin-bergstrom International Airport  Austin
97,GRB,Austin-straubel Field Airport  Green Bay
98,NRC,Aux Field Airport  Crows Landing
99,SXC,Avalo Vor/WP Airport  Catalina Island
100,AVX,Avalon Bay Airport  Catalina Island
101,BCJ,Baca Grande Airport  Baca Grande
102,AIY,Bader Field Airport  Atlantic City
103,BGT,"Bagdad Airport  Bagdad, AZ"
104,BAR,Baker Aaf Airport  Baker Island
105,BKE,Baker Airport  Baker
106,MLJ,Baldwin County Airport  Milledgeville
107,GBO,Baltimore Greenbelt T Airport  Baltimore
108,BWI,"Baltimore/Washington International Thurgood Marshall Airport  Baltimore, MD"
109,BGR,Bangor International Airport  Bangor
110,BNG,Banning Airport  Banning
111,BHB,Bar Harbor Airport  Bar Harbor
112,NAX,Barbers Point Airport  Barbers Point
113,NHX,Barin Olf Osn Airport  Foley
114,BKH,Barking Sands PMRF Airport  Kekaha
115,PAH,"Barkley Regional Airport  Paducah, KY"
116,BNH,Barnes Airport  Hartford
117,HYA,Barnstable Airport  Hyannis
118,BNL,"Barnwell Regional Airport  Barnwell, SC"
119,DAG,Barstow-Daggett Airport  Daggett
120,BTI,Barter Island Airport  Barter Island
121,BVO,Bartlesville Airport  Bartlesville
122,BQV,Bartlett SPB Airport  Gustavus
123,BSZ,Bartletts Airport  Bartletts
124,BOW,Bartow Airport  Bartow
125,NBP,Battery Pk City/N. Cov Airport  New York
126,BDE,Baudette Airport  Baudette
127,BBC,Bay City Airport  Bay City
128,PFN,Bay County Airport  Panama City
129,HPY,Baytown Airport  Baytown
130,BCC,Bear Creek Airport  Bear Creek
131,BIE,Beatrice Airport  Beatrice
132,BTY,Beatty Airport  Beatty
133,BMT,Beaumont Muni Airport  Beaumont
134,DRI,Beauregard Parish Airport  De Ridder
135,WBQ,Beaver Airport  Beaver
136,BFP,Beaver Falls Airport  Beaver Falls
137,JAO,Beaver Ruin Airport  Atlanta
138,BKW,Beckley Airport  Beckley
139,BEC,Beech Airport  Wichita
140,PSB,Bellefonte Airport  Bellefonte
141,BLV,Belleville Airport  Belleville
142,BLI,Bellingham Airport  Bellingham
143,BLW,Bellows Field Airport  Waimanalo
144,BJI,Bemidji Airport  Bemidji
145,CKB,Benedum Airport  Clarksburg
146,BTN,Bennettsville Airport  Bennettsville
147,JBK,Berkeley Airport  Berkeley
148,BML,Berlin Municipal Airport  Berlin
149,UDD,Bermuda Dunes Airport  Palm Springs
150,BTM,Bert Mooney Airport  Butte
151,UIZ,Berz-Macomb Airport  Utica
152,BET,Bethel Airport  Bethel
153,BTT,Bettles Airport  Bettles
154,BVY,Beverly Municiple Airport  Beverly
155,BHC,Bhurban Heliport Airport  Bhurban
156,BYS,Bicycle Lake AAF Airport  Fort Irwin
157,RBF,Big Bear City Arpt Airport  Big Bear
158,BIC,Big Creek Airport  Big Creek
159,BIG,Big Delta Field Airport  Big Delta
160,BGQ,Big Lake Airport  Big Lake
161,BMX,Big Mountain Airport  Big Mountain
162,BPI,Big Piney-marbleton Airport  Big Piney
163,WBR,Big Rapids Airport  Big Rapids
164,BIF,Biggs Aaf Airport  El Paso
165,BIL,Billings Airport  Billings
166,KBC,Birch Creek Airport  Birch Creek
167,ESP,Birchwood-Pocono Airport  East Stroudsburg
168,BHM,Birmingham Airport  Birmingham
169,DUG,Bisbee Douglas International Airport  Douglas
170,BSQ,Bisbee Municipal Arpt Airport  Bisbee
171,DGF,Bisbee-douglas International Airport  Douglas
172,BIH,Bishop Airport  Bishop
173,FNT,Bishop International Airport  Flint
174,BIS,Bismarck Airport  Bismarck
175,SPF,Black Hills Airport  Spearfish
176,MBL,Blacker Airport  Manistee
177,BKT,Blackstone AAF Airport  Blackstone
178,BWL,Blackwell Airport  Blackwell
179,BWS,Blaine Airport  Blaine
180,BSI,Blairsville Airport  Blairsville
181,BYW,Blakely Island Airport  Blakely Island
182,BDG,Blanding Airport  Blanding
183,BID,Block Island Airport  Block Island
184,BMG,Bloomington Airport  Bloomington
185,CNK,Blosser Municipal Airport  Concordia
186,BLU,Blue Canyon Airport  Blue Canyon
187,BFB,Blue Fox Bay Airport  Blue Fox Bay
188,LEX,Blue Grass Airport  Lexington
189,LSD,"Blue Grass Station Army Heliport Airport  Lexington, KY"
190,BLH,Blythe Airport  Blythe
191,BYH,Blytheville AFB Airport  Blytheville
192,IAN,Bob Barker Memorial Airport  Kiana
193,BUR,Bob Hope Airport  Burbank
194,CEW,Bob Sikes Airport  Crestview
195,BFI,Boeing Field/King County International Airport  Seattle
196,ASH,"Boire Field Airport  Nashua, NH"
197,BOI,"Boise Air Terminal/Gowen Field Airport  Boise, ID"
198,BOF,Bolling AFB Airport  Washington
199,SYI,Bomar Field Airport  Shelbyville
200,BNW,Boone Airport  Boone
201,HRO,Boone County Airport  Harrison
202,BGD,Borger Airport  Borger
203,RLU,Bornite Upper Airport  Bornite
204,BXS,Borrego Springs Airport  Borrego Springs
205,JBC,Boston City Heliport Airport  Boston
206,BSW,Boswell Bay Airport  Boswell Bay
207,BLD,Boulder City Airport  Boulder City
208,BYA,Boundary Airport  Boundary
209,JNU,Boundary Bay Airport  Juneau
210,HQM,Bowerman Airport  Hoquiam
211,ELN,Bowers Field Airport  Ellensburg
212,BWM,Bowman Airport  Bowman
213,LOU,Bowman Field Airport  Louisville
214,BXC,Boxborough Airport  Boxborough
215,POC,Brackett Field Airport  La Verne
216,BFD,Bradford Airport  Bradford
217,BDL,"Bradley International Airport  Windsor Locks, CT"
218,BSF,Bradshaw AAF Airport  Pohakuloa
219,HFD,Brainard Airport  Hartford
220,BRD,"Brainerd Lakes Regional Airport  Brainerd, MN"
221,BWC,Brawley Airport  Brawley
222,LJN,Brazoria County Airport  Lake Jackson
223,PWT,Bremerton Airport  Bremerton
224,KTS,Brevig Mission Airport  Teller Mission
225,HDE,Brewster Field Airport  Holdrege
226,BMC,Brigham City Airport  Brigham City
227,BDX,Broadus Airport  Broadus
228,BBW,Broken Bow Airport  Broken Bow
229,WBI,Broker Inn Airport  Boulder
230,WSH,Brookhaven Airport  Shirley
231,BKX,Brookings Airport  Brookings
232,BOK,Brookings State Airport  Brookings
233,RBH,Brooks Lodge Airport  Brooks Lodge
234,SDM,Brown Field Municipal Airport  San Diego
235,EPG,Browns Airport  Weeping Water
236,BWD,Brownwood Airport  Brownwood
237,NEA,Brunswick Golden Isles Airport  Glynco
238,FRN,Bryant AAF Airport  Fort Richardson
239,BCE,Bryce Airport  Bryce
240,CCR,Buchanan Fld Airport  Concord
241,BXK,Buckeye Municipal Airport  Buckeye
242,BKC,Buckland Airport  Buckland
243,ZFZ,Buffalo Depew Rr Airport  Buffalo
244,BFK,Buffalo Municipal Airport  Buffalo
245,BUF,"Buffalo Niagara International Airport  Buffalo, NY"
246,BFG,Bullfrog Basin Airport  Bullfrog Basin
247,BKL,Burke Lakefront Airport  Cleveland
248,BRL,Burlington Airport  Burlington
249,BBF,Burlington Airport  Burlington
250,LLY,Burlington County Airport  Mount Holly
251,BTV,Burlington International Airport  Burlington
252,BNO,Burns Airport  Burns
253,ZSH,Bus Station Airport  Santa Fe
254,ZTL,Bus Station Airport  Telluride
255,AGS,Bush Field Airport  Augusta
256,BUM,Butler Airport  Butler
257,BTP,Butler County - Kenny Scholter Field Airport  Butler
258,FCS,Butts AAF Airport  Colorado Springs
259,BZS,Buzzards Pt S Airport  Washington
260,CBZ,Cabin Creek Airport  Cabin Creek
261,CCB,"Cable Airport  Upland, CA"
262,JUP,Cable Heliport Airport  Upland
263,LGU,Cache Airport  Logan
264,CAD,Cadillac Airport  Cadillac
265,OZR,Cairns AAF Airport  Ozark
266,CIR,Cairo Airport  Cairo
267,CDW,"Caldwell Wright Airport  Caldwell, NJ"
268,CXL,Calexico International Airport  Calexico
269,CLR,Calipatria Airport  Calipatria
270,CWG,Callaway Gardens Airport  Callaway Gardens
271,LGC,Calloway Airport  La Grange
272,CEY,Calloway County Airport  Murray
273,JST,Cambria County Airport  Johnstown
274,CGE,Cambridge Airport  Cambridge
275,APH,Camp A P Hill Airport  Bowling Green
276,HOP,Campbell AAF Airport  Hopkinsville
277,GCC,Campbell County Airport  Gillette
278,CZZ,Campo Airport  Campo
279,CDL,Candle Airport  Candle
280,CVS,Cannon AFB Airport  Clovis
281,CNE,Canon City Airport  Canon City
282,CTK,Canton Airport  Canton
283,CNY,Canyonlands Field Airport  Moab
284,CGI,Cape Girardeau Airport  Cape Girardeau
285,LUR,Cape Lisburne Airport  Cape Lisburne
286,WWD,Cape May County Airport  Wildwood
287,EHM,Cape Newenham Airport  Cape Newenham
288,CZP,Cape Pole Airport  Cape Pole
289,CZF,Cape Romanzof Airport  Cape Romanzof
290,SPI,Capital Airport  Springfield
291,FFT,"Capital City Airport  Frankfort, KY"
292,HAR,Capital City Airport  Harrisburg
293,LAN,Capital City Airport  Lansing
294,PUC,Carbon County Airport  Price
295,SYN,Carleton Airport  Stanton
296,CNM,Carlsbad Airport  Carlsbad
297,CZT,Carrizo Springs Airport  Carrizo Springs
298,CIN,Carroll Airport  Carroll
299,CSN,Carson City Airport  Carson City
300,CZK,Cascade Locks/Stevens Airport  Cascade Locks
301,ATU,Casco Cove Airport  Attu Island
302,PVZ,Casement Airport  Painesville
303,MER,"Castle AFB Airport  Atwater, CA"
304,SPQ,Catalina SPB Airport  San Pedro
305,VQQ,Cecil Field Airport  Jacksonville
306,CDC,Cedar City Airport  Cedar City
307,CID,Cedar Rapids Airport  Cedar Rapids
308,JOC,Centerport Heliport Airport  Santa Ana
309,CEM,Central Airport  Central
310,BMI,"Central Illinois Regional Airport at Bloomington-Normal Airport  Bloomington/Normal, IL"
311,JVI,Central Jersey Regional Airport  Manville
312,OWK,Central Maine Airport of Norridgewock Airport  Norridgewock
313,CWA,Central Wisconsin Airport  Wausau
314,CLS,Centralia Airport  Chehalis
315,CEA,Cessna Aircraft Field Airport  Wichita
316,CDR,Chadron Airport  Chadron
317,CCA,Chaffee AFB Airport  Fort Chaffee
318,CIK,Chalkyitsik Airport  Chalkyitsik
319,CHL,Challis Airport  Challis
320,YKN,Chan Gurney Airport  Yankton
321,WCR,Chandalar Airport  Chandalar
322,CHS,"Charleston, AFB Municipal Airport  Charleston, SC"
323,PGD,Charlotte County Airport  Punta Gorda
324,CLT,Charlotte Douglas Airport  Charlotte
325,CYM,Chatham SPB Airport  Chatham
326,CFK,"Chefornak Airport  Chefornak, AK"
327,CYF,Chefornak SPB Airport  Chefornak
328,CEX,Chena Hot Springs Airport  Chena Hot Springs
329,HCW,Cheraw Airport  Cheraw
330,CKK,Cherokee Airport  Cherokee
331,JKV,"Cherokee County Airport  Jacksonville, TX"
332,TVC,Cherry Capital Airport  Traverse City
333,FKL,Chess-Lambertin Airport  Franklin
334,CTH,Chestercounty Carlson Airport  Coatesville
335,VAK,Chevak Airport  Chevak
336,CYS,Cheyenne Airport  Cheyenne
337,CHI,Chicago FSS Airport  Chicago
338,NOH,Chicago NAS Airport  Chicago
339,ORD,"Chicago O'hare International Airport  Chicago, Il"
340,CKX,Chicken Airport  Chicken
341,CIC,Chico Airport  Chico
342,KCQ,Chignik Airport  Chignik
343,KBW,Chignik Bay Airport  Chignik
344,CDS,Childress Airport  Childress
345,JCC,China Basin Heliport Airport  San Francisco
346,CNO,Chino Airport  Chino
347,CIU,Chippewa County Airport  Sault Ste Marie
348,EAU,"Chippewa Valley Regional Airport  Eau Claire, WI"
349,CZN,Chisana Field Airport  Chisana
350,HIB,Chisholm Airport  Chisholm
351,CZO,Chistochina Airport  Chistochina
352,CXC,Chitina Arpt Airport  Chitina
353,CIV,Chomley Airport  Chomley
354,CHU,Chuathbaluk Airport  Chuathbaluk
355,LUK,"Cincinnati Municipal-Lunken Field Airport  Cincinnati, OH"
356,ISZ,"Cincinnati-Blue Ash Airport  Cincinnati, OH"
357,CVG,"Cincinnati/northern Kentucky Airport  Covington, KY"
358,RCP,Cinder River Airport  Cinder River
359,IRC,Circle City Airport  Circle
360,CHP,Circle Hot Springs Airport  Circle Hot Springs
361,CKU,City Airport  Cordova
362,HVR,City County Airport  Havre
363,JBT,City Landing Airport  Bethel
364,JID,City Of Industry H/P Airport  Los Angeles
365,MDJ,City-county Airport  Madras
366,EWK,City-County Airport  Newton
367,SEP,Clark Field Airport  Stephenville
368,CLP,Clarks Point Airport  Clarks Point
369,CAO,Clayton Airport  Clayton
370,CKE,Clear Lake Airport  Clear Lake
371,CWI,Clinton Airport  Clinton
372,PLB,Clinton County Airport  Plattsburgh
373,ILN,Clinton Field Airport  Wilmington
374,CLI,Clintonville Airport  Clintonville
375,CLG,Coalinga Airport  Coalinga
376,ERO,Coast Guard Airport  Eldred Rock
377,LRK,"Coast Guard Airport  Lincoln Rock, AK"
378,CSP,Coast Guard Heliport Airport  Cape Spencer
379,PRT,Coast Guard Heliport Airport  Point Retreat
380,TRP,Coast Guard Heliport Airport  Tree Point
381,CFA,Coffee Point Airport  Coffee Point
382,RCK,Coffield Airport  Rockdale
383,KCC,Coffman Cove SPB Airport  Coffman Cove
384,CDB,Cold Bay Airport  Cold Bay
385,CXF,Coldfoot Airport  Coldfoot
386,COM,Coleman Airport  Coleman
387,MTO,Coles County Memorial Airport  Mattoon
388,CGS,College Park Airport  College Park
389,KCR,Colorado Creek Airport  Colorado Creek
390,AKO,"Colorado Plains Regional Airport  Akron, CO"
391,COS,Colorado Springs Airport  Colorado Springs
392,COA,Columbia Airport  Columbia
393,DLS,Columbia Gorge Regional/The Dalles Municipal Airport  The Dalles
394,COU,Columbia Regional Airport  Columbia
395,CBM,"Columbus AFB Airport  Columbus, MS"
396,CLU,Columbus Municipal Airport  Columbus
397,OLU,"Columbus Municipal Airport  Columbus, NE"
398,JBP,Commerce Bus. Plaza Airport  Los Angeles
399,CPM,"Compton Airport  Compton, CA"
400,CON,Concord Airport  Concord
401,WSD,Condron AAF Airport  White Sands
402,JCE,Convention Center H/P Airport  Oakland
403,DGW,Converse County Airport  Douglas
404,COP,"Cooperstown - Westville Airport  Cooperstown, NY"
405,CZC,Copper Centre Airport  Copper Centre
406,LOZ,Corbin-London Airport  London
407,CRO,Corcoran Airport  Corcoran
408,CBA,Corner Bay Airport  Corner Bay
409,CRP,"Corpus Christi International Airport  Corpus Christi, TX"
410,CRS,Corsicana Airport  Corsicana
411,CTX,Cortland Airport  Cortland
412,CTW,Cottonwood Airport  Cottonwood
413,COT,Cotulla Airport  Cotulla
414,CFD,Coulter Field Airport  Bryan
415,BFT,County Airport  Beaufort
416,JAS,County Airport  Jasper
417,OBE,County Airport  Okeechobee
418,SIV,County Airport  Sullivan
419,WSG,County Airport  Washington
420,VCT,County-Foster Airport  Victoria
421,PRX,Cox Field Airport  Paris
422,SEM,Craig AFB Airport  Selma
423,CRG,Craig Municipal Airport  Jacksonville
424,CIG,Craig-Moffat Airport  Craig
425,CCG,Crane County Arpt Airport  Crane
426,CKR,Crane Island Airport  Crane Island
427,RTN,Crews Field Airport  Raton
428,CKD,Crooked Creek Airport  Crooked Creek
429,CTY,Cross City Airport  Cross City
430,STK,Crosson Field Airport  Sterling
431,MIC,Crystal Airport  Minneapolis
432,CYE,Crystal Lake Airport  Crystal Lake
433,CUW,Cube Cove Airport  Cube Cove
434,VHN,Culberson County Airport  Van Horn
435,WBN,Cummings Park Airport  Woburn
436,BBD,Curtis Field Airport  Brady
437,ORV,Curtis Memorial Airport  Noorvik
438,CTB,Cut Bank Airport  Cut Bank
439,CGF,Cuyahoga County Airport  Cleveland
440,TNT,Dade Collier Airport  Miami
441,DCK,Dahl Creek Arpt Airport  Dahl Creek
442,DHT,Dalhart Airport  Dalhart
443,DNE,Dallas North Airport  Dallas
444,DFW,"Dallas/Fort Worth International Airport  Dallas, TX"
445,DXR,"Danbury Municipal Airport  Danbury, CT"
446,MSN,Dane County Regional Airport  Madison
447,DGB,Danger Bay Airport  Danger Bay
448,DNL,"Daniel Field Airport  Augusta, GA"
449,MGM,Dannelly Fld Airport  Montgomery
450,MEO,Dare County Regional Airport  Manteo
451,DVN,Davenport Airport  Davenport
452,DWH,David Wayne Hooks Airport  Houston
453,OWB,Daviess County Airport  Owensboro
454,MKO,Davis Field Airport  Muskogee
455,DAA,Davison AAF Airport  Fort Belvoir
456,GDV,Dawson Community Airport  Glendive
457,MGY,Dayton-Wright Brothers Airport  Dayton
458,DTH,Death Valley Airport  Death Valley
459,DEC,Decatur Arpt Airport  Decatur
460,BGE,Decatur County Airport  Bainbridge
461,DCR,Decatur Hi-Way Airport  Decatur
462,DTR,Decatur Island Airport  Decatur Island
463,WDB,Deep Bay Airport  Deep Bay
464,DPK,Deer Park Airport  Deer Park
465,DRG,Deering Airport  Deering
466,PDK,"Dekalb-Peachtree Airport  Atlanta, GA"
467,DRT,Del Rio International Airport  Del Rio
468,MIE,Delaware County Airport  Muncie
469,DTA,Delta Airport  Delta
470,ESC,Delta County Arpt Airport  Escanaba
471,DJN,Delta Junction Airport  Delta Junction
472,DMN,Deming Airport  Deming
473,DEN,Denver International Airport  Denver
474,LOL,Derby Field Airport  Lovelock
475,DSM,"Des Moines International Airport  Des Moines, IA"
476,DRA,Desert Rock Airport  Mercury
477,DSI,Destin-Fort Walton Beach Airport  Destin
478,DET,"Detroit City Airport  Detroit, MI"
479,DTW,"Detroit Metropolitan Wayne County Airport  Detroit, MI"
480,DVL,Devils Lake Airport  Devils Lake
481,GRM,Devils Track Airport  Grand Marais
482,LNI,Dew Station Airport  Lonely
483,PIZ,Dew Station Airport  Point Lay
484,DIK,Dickinson Airport  Dickinson
485,EEN,Dillant-Hopkins Airport  Keene
486,HDH,Dillingham Airfield Airport  Oahu
487,DLN,Dillon Airport  Dillon
488,DLL,Dillon Airport  Dillon
489,DIO,Diomede Island Airport  Diomede Island
490,MGE,Dobbins Afb Airport  Marietta
491,DDC,Dodge City Municipal Airport  Dodge City
492,UNU,"Dodge County Airport  Juneau, WI"
493,DLO,Dolomi Airport  Dolomi
494,SUE,Door County Airport  Sturgeon Bay
495,DOF,Dora Bay Airport  Dora Bay
496,DHN,Dothan Arpt Airport  Dothan
497,ABY,Dougherty County Airport  Albany
498,MEV,Douglas County Airport  Minden
499,DGL,Douglas Municipal Airport  Douglas
500,DOV,"Dover AFB Airport  Dover-Cheswold, DE"
501,DWN,Downtown Airpark Airport  Oklahoma City
502,AHD,Downtown Airport  Ardmore
503,EBR,Downtown Airport  Baton Rouge
504,MKC,Downtown Airport  Kansas City
505,STP,Downtown Airport  St Paul
506,JDB,Downtown Heliport Airport  Dallas
507,JDM,Downtown Heliport Airport  Miami
508,JDT,Downtown Heliport Airport  Minneapolis
509,DNT,Downtown Heliport Airport  Santa Ana
510,JRB,"Downtown Manhattan H/p Airport  New York, NY"
511,DYL,Doylestown Airport  Doylestown
512,HAI,Dr Haines Airport  Three Rivers
513,TPL,"Draughon-miller Central Texas Regional Airport  Temple, TX"
514,DRF,Drift River Airport  Drift River
515,DRU,Drummond Airport  Drummond
516,DRE,Drummond Island Airport  Drummond Island
517,DUJ,Du Bois-Jefferson County Airport  Du Bois
518,DBS,Dubois Airport  Dubois
519,EGI,Duke Field Airport  Valparaiso
520,DLH,Duluth International Airport  Duluth
521,DKK,Dunkirk Airport  Dunkirk
522,DPA,Dupage County Airport  Chicago
523,POU,Dutchess County Airport  Poughkeepsie
524,DYS,Dyess AFB Airport  Abilene
525,EAA,Eagle Airport  Eagle
526,EGE,Eagle County Airport  Vail/Eagle
527,ELA,Eagle Lake Airport  Eagle Lake
528,EGV,Eagle River Airport  Eagle River
529,DUA,Eaker Airport  Durant
530,POF,Earl Fields Memorial Airport  Poplar Bluff
531,TSS,East 34th St Heliport Airport  New York
532,NES,East 34th St Landing Airport  New York
533,JRE,East 60th Street H/P Airport  New York
534,HTO,East Hampton Airport  East Hampton
535,MRB,Eastern Wv Regional Airport/Shepherd Field Airport  Martinsburg
536,CLL,"Easterwood Field Airport  College Station, TX"
537,ESN,Easton Airport  Easton
538,OIC,Eaton Airport  Norwich
539,EDA,Edna Bay Airport  Edna Bay
540,MPV,"Edward F Knapp State Airport  Montpelier, VT"
541,EDW,Edwards AFB Airport  Edwards AFB
542,GUF,Edwards Airport  Gulf Shores
543,EEK,Eek Airport  Eek
544,EGX,Egegik Airport  Egegik
545,VPS,"Eglin AFB Airport  Valparaiso, FL"
546,EIL,Eielson AFB Airport  Fairbanks
547,EFB,Eight Fathom Bight Airport  Eight Fathom Bight
548,KKU,Ekuk Airport  Ekuk
549,KEK,Ekwok Airport  Ekwok
550,NJK,"El Centro NAF Airport  El Centro, CA"
551,EDK,El Dorado Airport  El Dorado
552,EMT,El Monte Airport  El Monte
553,ELP,El Paso International Airport  El Paso
554,ELV,Elfin Cove SPB Airport  Elfin Cove
555,ELI,Elim Airport  Elim
556,ECG,"Elizabeth City Airport  Elizabeth City, NC"
557,FID,Elizabeth Field Airport  Fishers Island
558,EKX,Elizabethtown Airport  Elizabethtown
559,EKN,Elkins Airport  Elkins
560,EKO,"Elko Regional Airport  Elko, NV"
561,ELW,Ellamar Airport  Ellamar
562,EFD,Ellington Field Airport  Houston
563,MYU,Ellis Field Airport  Mekoryuk
564,RCA,Ellsworth Afb Airport  Rapid City
565,NDP,"Ellyson NAS Airport  Pensacola, FL"
566,EDF,Elmendorf Afb Airport  Anchorage
567,ELM,"Elmira Corning Regional Airport  Corning, NY"
568,LYU,Ely Airport  Ely
569,EMB,Embarkadero Airport  San Francisco
570,DUT,Emergency Field Airport  Dutch Harbor
571,PLN,Emmet County Airport  Pellston
572,ECA,Emmet County Airport  East Tawas
573,EMK,Emmonak Airport  Emmonak
574,EMP,Emporia Airport  Emporia
575,WDG,Enid Woodring Mun. Airport  Enid
576,EPH,Ephrata Airport  Ephrata
577,OMA,Eppley Airfield Airport  Omaha
578,ERI,Erie International Airport  Erie
579,ERR,Errol Airport  Errol
580,ESF,Esler Field Airport  Alexandria
581,ESO,Espanola Airport  Espanola
582,EUG,Eugene Airport  Eugene
583,UCE,Eunice Airport  Eunice
584,EUE,Eureka Airport  Eureka
585,EVW,Evanston Airport  Evanston
586,EVV,"Evansville Regional Airport  Evansville, IN"
587,EVM,Eveleth Airport  Eveleth
588,UCY,Everett-Stewart Airport  Union City
589,CLW,Executive Airport  Clearwater
590,FXE,Executive Airport  Fort Lauderdale
591,SAC,Executive Airport  Sacramento
592,FAI,Fairbanks International Airport  Fairbanks
593,CLM,Fairchild International Airport  Port Angeles
594,KCK,Fairfax Municipal Airport  Kansas City
595,FRM,Fairmont Airport  Fairmont
596,MSC,Falcon Field Airport  Mesa
597,FAL,Falcon State Airport  Roma
598,FLJ,Falls Bay Airport  Falls Bay
599,INL,Falls International Airport  International Falls
600,FAK,False Island Airport  False Island
601,KFP,False Pass Airport  False Pass
602,IDA,Fanning Field Airport  Idaho Falls
603,FWL,Farewell Airport  Farewell
604,KSR,Federal No 1 Airport  Sandy River
605,FAF,Felker AAF Airport  Fort Eustis
606,SFF,Felts Field Airport  Spokane
607,FFM,Fergus Falls Airport  Fergus Falls
608,FNK,Fin Creek Airport  Fin Creek
609,FDY,Findlay Airport  Findlay
610,FIC,Fire Cove Airport  Fire Cove
611,FCT,Firing Center AAF Airport  Yakima
612,FFA,First Flight Airport  Kill Devil Hills
613,KCG,Fisheries Airport  Chignik
614,FIV,Five Finger Airport  Five Finger Coast Guard Heliport
615,FMC,Five Mile Airport  Five Mile
616,FLT,Flat Airport  Flat
617,FXM,Flaxman Island Airport  Flaxman Island
618,CKM,"Fletcher Field Airport  Clarksdale, MS"
619,FLP,Flippin Airport  Flippin
620,FLO,Florence Airport  Florence
621,FLU,Flushing Airport  New York
622,FCM,Flying Cloud Airport  Minneapolis
623,FLD,Fond Du Lac Airport  Fond Du Lac
624,FOE,"Forbes Field Airport  Topeka, KS"
625,IMT,Ford Airport  Iron Mountain
626,TBN,Forney AAF Airport  Fort Leonard Wood
627,FOB,Fort Bragg Airport  Fort Bragg
628,FBR,Fort Bridger Airport  Fort Bridger
629,QWF,Fort Collins Bus Servi Airport  Fort Collins/Loveland
630,FOD,"Fort Dodge Regional Airport  Fort Dodge, IA"
631,HLR,Fort Hood AAF Airport  Killeen
632,RBN,Fort Jefferson Airport  Fort Jefferson
633,FLL,"Fort Lauderdale/hollywood International Airport  Fort Lauderdale, FL"
634,FLE,Fort Lee AAF Airport  Petersburg
635,CMY,Fort Mccoy Airport  Sparta
636,FSU,Fort Sumner Airport  Fort Sumner
637,AFW,"Fort Worth Alliance Airport  Fort Worth, TX"
638,FWH,"Fort Worth NAS Jrb/Carswell Field Airport  Fort Worth, TX"
639,FYU,Fort Yukon Airport  Fort Yukon
640,FTL,Fortuna Ledge Airport  Fortuna Ledge
641,FOX,Fox Airport  Fox
642,LFN,Franklin Airport  Louisburg
643,UOS,Franklin County Airport  Sewanee
644,FDK,Frederick Municipal Airport  Frederick
645,SER,Freeman Municipal Airport  Seymour
646,RBK,French Valley Airport  Murrieta
647,WFK,Frenchville Airport  Frenchville
648,FRP,Fresh Water Bay Airport  Fresh Water Bay
649,FAT,Fresno Air Terminal Airport  Fresno
650,FCH,Fresno-Chandler Airport  Fresno
651,FRD,Friday Harbor Airport  Friday Harbor
652,FBS,Friday Harbor SPB Airport  Friday Harbor SPB
653,FRR,Front Royal-Warren County Airport  Front Royal
654,FRY,Fryeburg Airport  Fryeburg
655,FBK,Ft Wainwright Airport  Fairbanks
656,CWO,Ft Wolter AAF Airport  Mineral Wells
657,FTY,Fulton County Airport  Atlanta
658,RCR,Fulton County Airport  Rochester
659,AKC,Fulton International Airport  Akron/Canton
660,GAB,Gabbs Airport  Gabbs
661,GAG,Gage Airport  Gage
662,GNV,Gainesville Regional Airport  Gainesville
663,GAK,Gakona Airport  Gakona
664,GBH,Galbraith Lake Airport  Galbraith Lake
665,GAL,Galena Airport  Galena
666,GBG,Galesburg Airport  Galesburg
667,GQQ,Galion Airport  Galion
668,BZN,Gallatin Field Airport  Bozeman
669,JGL,Galleria Heliport Airport  Atlanta
670,GAM,Gambell Airport  Gambell
671,GEK,Ganes Creek Airport  Ganes Creek
672,GCK,"Garden City Municipal Airport  Garden City, KS"
673,PIM,Garden Harris County Airport  Pine Mountain
674,RIL,Garfield County Airport  Rifle
675,UVA,Garner Fld Airport  Uvalde
676,GYY,"Gary/Chicago International Airport  Gary, IN"
677,GKT,Gatlinburg Airport  Gatlinburg
678,LAR,General Brees Field Airport  Laramie
679,MKE,General Mitchell International Airport  Milwaukee
680,IAH,George Bush Intercontinental Airport  Houston
681,AIV,George Downer Airport  Aliceville
682,BXA,George R Carr Airport  Bogalusa
683,GGE,Georgetown Airport  Georgetown
684,GTY,Gettysburg Airport  Gettysburg
685,GIF,Gilbert Field Airport  Winter Haven
686,CJN,Gillespie Field Airport  El Cajon
687,SEE,Gillespie Field Airport  San Diego
688,KGZ,Glacier Creek Airport  Glacier Creek
689,FCA,"Glacier Park International Airport  Kalispell, MT"
690,GDW,Gladwin Airport  Gladwin
691,GGW,Glasgow International Airport  Glasgow
692,GWV,Glendale Airport  Glendale
693,WLW,Glenn County Airport  Willows
694,MTN,Glenn L Martin Airport  Baltimore
695,GLQ,Glennallen Airport  Glennallen
696,GWS,Glenwood Springs Airport  Glenwood Springs
697,BQK,Glynco Jetport Airport  Brunswick
698,FTK,Godman AAF Airport  Fort Knox
699,IWD,Gogebic County Airport  Ironwood
700,GDH,"Golden Horn Lodge SPB Airport  Golden Horn Lodge, Alaska"
701,GTR,Golden Triangle Reg. Airport  Columbus
702,GLV,Golovin Airport  Golovin
703,GOF,Goodfellow AFB Airport  San Angelo
704,GNG,Gooding Airport  Gooding
705,GNU,Goodnews Bay Airport  Goodnews Bay
706,ELD,Goodwin Field Airport  El Dorado
707,GRN,Gordon Airport  Gordon
708,GSH,Goshen Airport  Goshen
709,RDR,Grand Forks AFB Airport  Red River
710,GFK,Grand Forks Airport  Grand Forks
711,GRI,"Grand Island Airport  Grand Island, NE"
712,GPZ,Grand Rapids Airport  Grand Rapids
713,CRE,Grand Strand Airport  Myrtle Beach
714,GMT,Granite Mountain Airport  Granite Mountain
715,MWH,Grant County Airport  Moses Lake
716,PGC,Grant County Airport  Petersburg
717,SVC,Grant County Airport  Silver City
718,AMN,Gratiot Community Airport  Alma
719,GRK,"Gray Aaf Airport  Fort Hood, TX"
720,GRF,Gray Aaf Airport  Tacoma
721,KGX,Grayling Airport  Grayling
722,PNX,Grayson County Airport  Sherman-Denison
723,GBD,Great Bend Airport  Great Bend
724,GTF,Great Falls International Airport  Great Falls
725,BGM,"Greater Binghamton Airport  Binghamton, NY"
726,IKK,Greater Kankakee Airport  Kankakee
727,PIA,"Greater Peoria Airport  Peoria, IL"
728,PMH,"Greater Portsmouth Regional Airport  Portsmouth, OH"
729,ROC,"Greater Rochester International Airport  Rochester, NY"
730,RFD,Greater Rockford Airport  Rockford
731,ILG,Greater Wilmington Airport  Wilmington
732,OTN,Green Airport  Oaktown
733,RVR,Green River Airport  Green River
734,SSU,Greenbrier Airport  White Sulphur Springs
735,LWB,Greenbrier Valley Airport  Lewisburg
736,WAY,Greene County Airport  Waynesburg
737,GLH,Greenville Airport  Greenville
738,GMU,Greenville Downtown Airport  Greenville
739,GSP,Greenville Spartanbur Int'l Airport  Greenville
740,GRD,Greenwood Airport  Greenwood
741,PBF,Grider Field Airport  Pine Bluff
742,SKY,Griffing Sandusky Airport  Sandusky
743,RME,"Griffiss AFB Airport  Rome, NY"
744,GUS,"Grissom Afb Airport  Peru, Indiana"
745,MPE,Griswold Airport  Madison
746,BPA,Grumman Airport  Bethpage
747,GPT,Gulfport-Biloxi International Airport  Gulfport
748,GKN,Gulkana Airport  Gulkana
749,GUC,Gunnison Airport  Gunnison
750,GUN,Gunter AFB Airport  Montgomery
751,GST,Gustavus Arpt Airport  Gustavus
752,GOK,Guthrie Airport  Guthrie
753,GUY,Guymon Airport  Guymon
754,LZU,Gwinnett County Airport  Lawrenceville
755,JBS,Hacienda Bus.Park H/P Airport  Pleasanton
756,PVW,Hale County Airport  Plainview
757,FSN,Haley AAF Airport  Fort Sheridan
758,HAF,Half Moon Airport  Half Moon
759,RZZ,Halifax County Airport  Roanoke Rapids
760,DUC,Halliburton Field Airport  Duncan
761,HAO,Hamilton Airport  Hamilton
762,SRF,Hamilton Field Airport  San Rafael
763,HNM,Hana Airport  Hana
764,HEY,Hanchey Army Heliport Airport  Ozark
765,HVE,Hanksville Airport  Hanksville
766,BED,Hanscom Field Airport  Bedford/Hanscom
767,HEZ,Hardy-Anders Airport  Natchez
768,CDH,Harrell Fld Airport  Camden
769,LWL,Harriet Field Airport  Wells
770,MDT,"Harrisburg International Airport  Harrisburg, PA"
771,PHD,Harry Clever Airport  New Philadelphia
772,ATL,"Hartsfield-jackson Atlanta International Airport  Atlanta, GA"
773,HSI,Hastings Airport  Hastings
774,HAX,Hatbox Field Airport  Muskogee
775,HNC,Hatteras Airport  Hatteras
776,PIB,"Hattiesburg-Laurel Regional Airport  Hattiesburg/Laurel, MS"
777,HAE,Havasupai Airport  Havasupai
778,HKS,Hawkins Field Airport  Jackson
779,HHR,Hawthorne Airport  Hawthorne
780,HTH,Hawthorne Airport  Hawthorne
781,HAY,Haycock Airport  Haycock
782,HWD,Hayward Airport  Hayward
783,HZL,Hazleton Airport  Hazleton
784,HKB,Healy Lake Airport  Healy Lake
785,FAR,Hector Field Airport  Fargo
786,HLN,Helena Airport  Helena
787,JDY,Heliport Airport  Downey
788,JEM,Heliport Airport  Emeryville
789,JGX,Heliport Airport  Glendale
790,JGC,Heliport Airport  Grand Canyon
791,JLB,Heliport Airport  Long Beach
792,JNP,Heliport Airport  Newport Beach
793,ORQ,Heliport Airport  Norwalk
794,JPD,Heliport Airport  Pasadena
795,JIO,Heliport International Airport  Ontario
796,HSH,Henderson Sky Harbor Airport  Las Vegas
797,0A7,Hendersonville Airport  Hendersonville
798,PHT,Henry County Airport  Paris
799,FSI,Henry Post AAF Airport  Fort Sill
800,TMA,"Henry Tift Myers Airport  Tifton, GA"
801,HED,Herendeen Airport  Herendeen
802,LUL,"Hesler-Noble Field Airport  Laurel, MS"
803,HIK,Hickam AFB Airport  Honolulu
804,HKY,Hickory Airport  Hickory
805,HDA,Hidden Falls Airport  Hidden Falls
806,HIF,Hill Afb Airport  Ogden
807,HLC,Hill City Airport  Hill City
808,HLB,Hillenbrand Airport  Batesville
809,ITO,Hilo International Airport  Hilo
810,HHH,Hilton Head Airport  Hilton Head
811,WHH,Hiltons Har H Airport  Boulder
812,BZT,Hinkles Ferry Airport  Brazoria
813,HBR,"Hobart Airport  Hobart, OK"
814,HBH,Hobart Bay Airport  Hobart Bay
815,HBB,Hobbs Industrial Airpark Airport  Hobbs
816,HGZ,Hogatza Airport  Hogatza
817,HOL,Holikachu Airport  Holikachu
818,HLI,Hollister Airport  Hollister
819,HMN,Holloman AFB Airport  Alamogordo
820,HCR,Holy Cross Airport  Holy Cross
821,HOM,Homer Airport  Homer
822,HMS,Homeshore Airport  Homeshore AK
823,HNL,Honolulu International Airport  Honolulu
824,MWO,"Hook Field Airport  Middletown, Ohio"
825,HNH,Hoonah Airport  Hoonah
826,HPB,Hooper Bay Airport  Hooper Bay
827,CLE,Hopkins International Airport  Cleveland
828,RAC,Horlick Airport  Racine
829,THP,Hot Springs Airport  Thermopolis
830,KBE,Hot Springs SPB Airport  Bell Island
831,CMX,Houghton County Airport  Hancock
832,HUL,Houlton International Airport  Houlton
833,HCA,Howard County Airport  Big Spring
834,HON,Howes Airport  Huron
835,CVR,Hughes Airport  Culver City
836,HUJ,Hugo Airport  Hugo
837,HUF,Hulman Field Airport  Terre Haute
838,HUD,Humboldt Airport  Humboldt
839,LND,Hunt Field Airport  Lander
840,HGT,Hunter AAF Airport  Jolon
841,SVN,"Hunter AAF Airport  Savannah, GA"
842,HSV,"Huntsville International - Carl T. Jones Field Airport  Huntsville, AL"
843,HSL,Huslia Airport  Huslia
844,HUT,Hutchinson Airport  Hutchinson
845,JHY,Hyatt Regency H/P Airport  Cambridge
846,DEO,Hyatt Regency H/P Airport  Dearborn
847,ICY,Icy Bay Airport  Icy Bay
848,IGG,Igiugig Airport  Igiugig
849,BDR,Igor I. Sikorsky Mem. Airport  Bridgeport
850,ILI,Iliamna Airport  Iliamna
851,VYS,Illinois Valley Regnl Airport  Peru
852,IMM,Immokalee Airport  Immokalee
853,IML,Imperial Airport  Imperial
854,IPL,Imperial County Airport  Imperial
855,IDP,Independence Airport  Independence
856,UTO,Indian Mountain AFS Airport  Utopia Creek
857,IDI,"Indiana County Airport  Indiana, PA"
858,IND,"Indianapolis International Airport  Indianapolis, IN"
859,HSP,Ingalls Field Airport  Hot Springs
860,IOW,"Iowa City Airport  Iowa City, IA"
861,IFA,Iowa Falls Airport  Iowa Falls
862,ISL,Isabel Pass Airport  Isabel Pass
863,JHC,Island Heliport Airport  Garden City
864,IVH,Ivishak Airport  Ivishak
865,VLE,J t Robidoux Airport  Valle
866,KPT,Jackpot Airport  Jackpot
867,MJQ,Jackson Airport  Jackson
868,JAC,Jackson Hole Airport  Jackson
869,JAN,Jackson-evers Airport  Jackson
870,JAX,"Jacksonville Airport  Jacksonville, FL"
871,JAR,Jahrom Airport  Jahrom
872,DAY,"James Cox Dayton International Airport  Dayton, Oh"
873,JMS,Jamestown Airport  Jamestown
874,JHW,Jamestown Airport  Jamestown
875,BJC,Jeffco Airport  Broomfield
876,BPT,Jefferson County Airport  Beaumont
877,MDN,Jefferson Proving Grd Airport  Madison
878,NLE,Jerry Tyler Memorial Airport  Niles
879,PWM,Jetport International Airport  Portland
880,FSD,Joe Foss Field Airport  Sioux Falls
881,JDA,John Day Airport  John Day
882,JFK,John F Kennedy International Airport  New York
883,SNA,"John Wayne Airport  Santa Ana, CA"
884,JCY,Johnson Airport  Johnson
885,OJC,Johnson Executive Airport  Kansas City
886,JBR,Jonesboro Airport  Jonesboro
887,JLN,"Joplin Regional Airport  Joplin, MO"
888,JDN,Jordan Airport  Jordan
889,TWF,"Joslin Field - Magic Valley Regional Airport  Twin Falls, ID"
890,OGG,"Kahului Airport  Maui, HI"
891,KNK,Kakhonak Airport  Kakhonak
892,KKK,Kalakaket AFS Airport  Kalakaket
893,AZO,Kalamazoo/Battle Creek international Airport  Kalamazoo
894,LUP,Kalaupapa Airport  Kalaupapa
895,KAL,Kaltag Airport  Kaltag
896,MUE,Kamuela Airport  Kamuela
897,KUY,Kamusi Airport  Kamusi
898,KNB,Kanab Airport  Kanab
899,MCI,Kansas City International Airport  Kansas City
900,JHM,Kapalua West Maui Airport  Lahaina
901,KYK,Karluk Airport  Karluk
902,KKL,Karluk Lake SPB Airport  Karluk Lake
903,KXA,Kasaan SPB Airport  Kasaan
904,KUK,Kasigluk Airport  Kasigluk
905,VIK,Kavik Airport  Kavik
906,EAR,Kearney Airport  Kearney
907,BIX,Keesler AFB Airport  Biloxi
908,CKA,Kegelman Af Airport  Cherokee
909,SKF,Kelly AFB Airport  San Antonio
910,KEU,Kelly Bar Airport  Kelly Bar
911,KLP,Kelp Bay Airport  Kelp Bay
912,EMM,Kemerer Airport  Kemerer
913,ENA,Kenai Airport  Kenai
914,KEH,Kenmore Air Harbor Airport  Kenmore Air Harbor
915,LKE,"Kenmore Air Harbor SPB Airport  Seattle, WA"
916,ENW,Kenosha Regional Airport  Kenosha
917,GRR,Kent County International Airport  Grand Rapids
918,KKT,Kentland Airport  Kentland
919,EOK,Keokuk Airport  Keokuk
920,IYK,Kern County Airport  Inyokern
921,MHV,Kern County Airport  Mojave
922,MIT,Kern County Airport  Shafter
923,TSP,"Kern County Airport  Tehachapi, CA"
924,ERV,Kerrville Airport  Kerrville
925,KTN,Ketchikan International Airport  Ketchikan
926,MEI,Key Field Airport  Meridian
927,EYW,Key West International Airport  Key West
928,KIP,Kickapoo Airport  Wichita Falls
929,GGG,Kilgore Airport  Kilgore
930,JCT,Kimble County Airport  Junction
931,INR,Kincheloe AFB Airport  Sault Ste Marie
932,KVC,King Cove Airport  King Cove
933,KPD,King Of Prussia Airport  King Of Prussia
934,AKN,King Salmon Airport  King Salmon
935,IGM,Kingman Airport  Kingman
936,LMT,Kingsley Field Airport  Klamath Falls
937,KPN,Kipnuk SPB Airport  Kipnuk
938,IRS,Kirsch Municipal Airport  Sturgis
939,ISM,Kissimmee Gateway Airport  Kissimmee
940,KVL,Kivalina Airport  Kivalina
941,KZH,Kizhuyak Airport  Kizhuyak
942,KBK,Klag Bay Airport  Klag Bay
943,KLW,Klawock Airport  Klawock
944,RKD,Knox County Regional Airport  Rockland
945,OBU,Kobuk/Wien Airport  Kobuk
946,ADQ,Kodiak Airport  Kodiak
947,WDY,Kodiak Fss Airport  Kodiak
948,OKK,Kokomo Airport  Kokomo
949,KOA,"Kona International Airport  Kona, HI"
950,KKH,Kongiganak Airport  Kongiganak
951,KOT,Kotlik Airport  Kotlik
952,OTZ,Kotzebue Airport  Kotzebue
953,KKA,Koyuk Airport  Koyuk
954,KYU,Koyukuk Airport  Koyukuk
955,LKK,Kulik Lake Airport  Kulik Lake
956,UUK,Kuparuk Airport  Kuparuk
957,KWT,Kwethluk Airport  Kwethluk
958,KWK,Kwigillingok Airport  Kwigillingok
959,KWN,Kwinhagak Airport  Quinhagak
960,LGD,La Grande Airport  La Grande
961,LGA,La Guardia Airport  New York
962,PMD,"La Palmdale Regional Airport  Palmdale, CA"
963,DRO,La Plata Airport  Durango
964,WLB,Labouchere Bay Airport  Labouchere Bay
965,LFT,"Lafayette Regional Airport  Lafayette, LA"
966,KCL,Lagoon Airport  Chignik
967,LGF,Laguna AAF Airport  Yuma
968,MFD,Lahm Municipal Airport  Mansfield
969,BKF,Lake Brooks SPB Airport  Katmai National Park
970,LKV,Lake County Airport  Lakeview
971,LMA,Lake Minchumina Airport  Lake Minchumina
972,LKP,Lake Placid Airport  Lake Placid
973,NEW,Lakefront Airport  New Orleans
974,LKS,Lakeside Airport  Lakeside
975,LKI,Lakeside USAF Airport  Duluth
976,LAA,Lamar Field Airport  Lamar
977,STL,Lambert-St. Louis International Airport  St Louis
978,LNY,Lanai City Airport  Lanai City
979,LNS,Lancaster Airport  Lancaster
980,BAM,Lander County Airport  Battle Mountain
981,EVA,Landing Strip Airport  Evadale
982,LFI,Langley AFB Airport  Hampton
983,LRD,Laredo International Airport  Laredo
984,KLN,Larsen SPB Airport  Larsen Bay
985,TAD,Las Animas Airport  Trinidad
986,LVS,Las Vegas Airport  Las Vegas
987,LTH,Lathrop Wells Airport  Lathrop Wells
988,DLF,Laughlin Afb Airport  Del Rio
989,IFP,Laughlin Bullhead International Airport  Bullhead City
990,LWC,Lawrence Airport  Lawrence
991,LWM,Lawrence Airport  Lawrence
992,HTW,Lawrence County Airpark Airport  Chesapeake/Huntington Wv
993,MWC,Lawrence J Timmerman Airport  Milwaukee
994,LVL,Lawrenceville Airport  Lawrenceville
995,LSF,Lawson Aaf Airport  Columbus
996,HOB,Lea County Airport  Hobbs
997,LXV,Leadville Airport  Leadville
998,SLO,Leckrone Airport  Salem
999,ANP,Lee Airport  Annapolis
1000,LBF,Lee Bird Field Airport  North Platte
1001,AIZ,Lee C Fine Memorial Airport  Kaiser/Lake Ozark
1002,GVL,Lee Gilmer Memorial Airport  Gainesville
1003,LEE,Leesburg Airport  Leesburg
1004,GWO,Leflore Airport  Greenwood
1005,ABE,Lehigh Valley International Airport  Allentown
1006,LEM,Lemmon Airport  Lemmon
1007,TUP,Lemons Municipal Airport  Tupelo
1008,NLC,"Lemoore NAS Airport  Lemoore, CA"
1009,ADG,Lenawee County Airport  Adrian
1010,MRN,Lenoir Airport  Morganton
1011,KLL,Levelock Airport  Levelock
1012,CDK,Lewis Airport  Cedar Key
1013,MCN,Lewis B Wilson Airport  Macon
1014,LOT,Lewis Lockport Airport  Lockport
1015,LXN,Lexington Airport  Lexington
1016,LIH,Lihue Airport  Kauai Island
1017,LVD,Lime Village Airport  Lime Village
1018,LNK,"Lincoln Airport  Lincoln, NE"
1019,LHM,"Lincoln Regional Airport  Lincoln, CA"
1020,LDJ,Linden Airport  Linden
1021,GYR,Litchfield Airport  Goodyear
1022,WLN,Little Naukati Airport  Little Naukati
1023,LPW,Little Port Walter Airport  Little Port Walter
1024,LRF,Little Rock Afb Airport  Jacksonville
1025,LIV,"Livengood Airport  Livengood, AK"
1026,LVK,Livermore Airport  Livermore
1027,BOS,Logan International Airport  Boston
1028,LPC,Lompoc Airport  Lompoc
1029,LGB,Long Beach Municipal Airport  Long Beach
1030,LIJ,Long Island Airport  Long Island
1031,ISP,"Long Island Mac Arthur Airport  Islip, NY"
1032,KLS,Longview Airport  Kelso
1033,LOG,Longview Airport  Longview
1034,LPS,Lopez Island Airport  Lopez Island
1035,LSB,Lordsburg Airport  Lordsburg
1036,LIZ,Loring AFB Airport  Limestone
1037,WLR,Loring Airport  Loring
1038,LAM,Los Alamos Airport  Los Alamos
1039,LAX,Los Angeles International Airport  Los Angeles
1040,LSN,Los Banos Airport  Los Banos
1041,LHB,Lost Harbor Sea Port Airport  Lost Harbor
1042,LNN,Lost Nation Airport  Willoughby
1043,LSR,Lost River Airport  Lost River
1044,MSY,Louis Armstrong New Orléans International Airport  New Orleans
1045,SDF,"Louisville International Airport  Louisville, KY"
1046,DAL,Love Field Airport  Dallas
1047,CHA,"Lovell Field Airport  Chattanooga,  TN"
1048,LOR,Lowe Army Heliport Airport  Ozark
1049,UBS,Lowndes County Airport  Columbus
1050,LBB,Lubbock International Airport  Lubbock
1051,LFK,"Lufkin Angelina County Airport  Lufkin, TX"
1052,LUF,Luke Afb Airport  Phoenix
1053,LBT,Lumberton Airport  Lumberton
1054,IPT,Lycoming County Airport  Williamsport
1055,LLX,Lyndonville Airport  Lyndonville
1056,PLK,M Graham Clark Airport  Branson/point Lookout
1057,MCF,Mac Dill AFB Airport  Tampa
1058,RMC,Machesney Airport  Rockford
1059,HFF,Mackall AAF Airport  Hoffman
1060,MCD,Mackinac Island Airport  Mackinac Island
1061,MAE,Madera Airport  Madera
1062,XMD,Madison Airport  Madison
1063,GVT,Majors Field Airport  Greenville
1064,MLD,Malad City Airport  Malad City
1065,MAW,Malden Airport  Malden
1066,GFA,Malmstrom AFB Airport  Great Falls
1067,MLK,Malta Airport  Malta
1068,MMH,Mammoth Lakes Airport  Mammoth Lakes
1069,MNZ,Manassas Airport  Manassas
1070,MHT,"Manchester-boston Regional Airport  Manchester, NH"
1071,MLY,Manley Hot Springs Airport  Manley Hot Springs
1072,KMO,Manokotak SPB Airport  Manokotak
1073,NTJ,Manti-Ephraim Airport  Manti
1074,MZJ,Marana Airport  Marana
1075,MTH,Marathon Flight Strip Airport  Marathon
1076,MYH,Marble Canyon Airport  Marble Canyon
1077,RIV,March ARB Airport  Riverside
1078,MRK,Marco Island Airport  Marco Island
1079,RTE,Marguerite Bay Airport  Marguerite Bay
1080,JMC,"Marin County Airport  Sausalito, CA"
1081,OAR,"Marina Municipal Airport  Marina, CA"
1082,QNY,Marine Air Terminal Airport  New York
1083,MZZ,Marion Airport  Marion
1084,HAB,Marion County Airport  Hamilton
1085,APT,Marion County Airport  Jasper
1086,JMD,Market Centre H/P Airport  Dallas
1087,MXG,Marlborough Airport  Marlborough
1088,JMH,Marriott Heliport Airport  Schaumburg
1089,FRI,"Marshall AAF Airport  Fort Riley, KS"
1090,MLL,Marshall Airport  Marshall
1091,CNU,Martin Johnson Airport  Chanute
1092,MDA,"Martindale Army Heliport Airport  San Antonio, TX"
1093,AOO,Martinsburg Airport  Martinsburg
1094,MCW,"Mason City Municipal Airport  Mason City, IA"
1095,LDM,Mason County Airport  Ludington
1096,SJT,Mathis Fld Airport  San Angelo
1097,MRC,Maury County Airport  Columbia
1098,EGP,Maverick Co Airport  Eagle Pass
1099,OUN,Max Westheimer Airport  Norman
1100,MXE,Maxton Airport  Maxton
1101,MYK,May Creek Airport  May Creek
1102,MBS,MBS International Airport  Saginaw
1103,MLC,Mc Alester Airport  Mc Alester
1104,MFE,"Mc Allen Miller International Airport  Mc Allen, TX"
1105,LAS,Mc Carran International Airport  Las Vegas
1106,CLD,"Mc Clellan-Palomar Airport  Carlsbad, CA"
1107,MMT,Mc Entire ANG Base Airport  Columbia
1108,TYS,Mc Ghee Tyson Airport  Knoxville
1109,WRI,"Mc Guire Afb Airport  Wrightstown, New Jersey"
1110,MKL,Mc Kellar-Sipes Regional Airport  Jackson
1111,CEC,Mc Namara Fld Airport  Crescent City
1112,MYL,Mccall Airport  Mccall
1113,MXY,Mccarthy Airport  Mccarthy
1114,TCM,"McChord AFB Airport  Tacoma, WA"
1115,MCC,Mcclellan AFB Airport  Sacramento
1116,MCK,Mccook Airport  Mccook
1117,MCG,Mcgrath Airport  Mcgrath
1118,MKF,Mckenna AAF Airport  Columbus
1119,SSI,Mckinnon Airport  Brunswick
1120,MMI,McMinn County Airport  Athens
1121,SLE,Mcnary Field Airport  Salem
1122,MPR,Mcpherson Airport  Mcpherson
1123,FTW,Meacham Field Airport  Fort Worth
1124,BFL,Meadows Field Airport  Bakersfield
1125,MEJ,Meadville Airport  Meadville
1126,MDF,Medford Airport  Medford
1127,MDR,Medfra Airport  Medfra
1128,TLR,"Mefford Field Airport  Tulare, CA"
1129,MLB,Melbourne International Airport  Melbourne
1130,CIL,Melsing Creek Airport  Council
1131,CSV,Memorial Airport  Crossville
1132,DFI,Memorial Airport  Defiance
1133,JEF,"Memorial Airport  Jefferson City, MO"
1134,OWD,Memorial Airport  Norwood
1135,PUB,Memorial Airport  Pueblo
1136,SBM,Memorial Airport  Sheboygan
1137,SIK,Memorial Airport  Sikeston
1138,TRX,Memorial Airport  Trenton
1139,UGN,Memorial Airport  Waukegan
1140,HOT,Memorial Field Airport  Hot Springs
1141,MEM,Memphis International Airport  Memphis
1142,MNM,Menominee Airport  Menominee
1143,MCE,Merced Municipal Arpt Airport  Merced
1144,CGX,Merrill C Meigs Airport  Chicago
1145,MRI,Merrill Field Airport  Anchorage
1146,COI,Merritt Island Airport  Cocoa
1147,KIC,Mesa Del Rey Airport  King City
1148,MTX,Metro Field Airport  Fairbanks
1149,PMX,Metropolitan Airport  Palmer
1150,CAE,"Metropolitan Airport  Columbia, SC"
1151,CLC,Metroport Airport  Clearlake
1152,CEV,Mettle Field Airport  Connersville
1153,MIO,Miami Airport  Miami
1154,MIA,Miami International Airport  Miami
1155,OXD,Miami University Airport  Oxford
1156,DPG,Michael AAF Airport  Dugway
1157,MGC,Michigan City Arpt Airport  Michigan City
1158,ICT,Mid-Continent Airport  Wichita
1159,MDO,Middleton Island Airport  Middleton Island
1160,MDD,Midland Airport  Midland
1161,MAF,Midland International Airport  Midland
1162,MDW,Midway Airport  Chicago
1163,RED,Mifflin County Airport  Reedsville
1164,GNT,Milan Airport  Grants
1165,MLF,Milford Airport  Milford
1166,RCT,Miller Field Airport  Reed City
1167,VTN,Miller Field Airport  Valentine
1168,NQA,"Millington Regional Jetport Airport  Millington, TN"
1169,MLT,Millinocket Airport  Millinocket
1170,MIV,Millville Airport  Millville
1171,ZML,Milwaukee General Mitchell Airport  Milwaukee
1172,MHM,Minchumina Airport  Minchumina
1173,MWL,Mineral Wells Arpt Airport  Mineral Wells
1174,SJC,Mineta San Jose International Airport  San Jose
1175,MSP,Minneapolis - St. Paul International Airport  Minneapolis
1176,MIB,Minot AFB Airport  Minot
1177,MOT,Minot International Airport  Minot
1178,MNT,Minto Airport  Minto
1179,MMN,Minute Man Airfield Airport  Stow
1180,NKX,Miramar MCAS Airport  San Diego
1181,LVM,Mission Field Airport  Livingston
1182,MSO,Missoula International Airport  Missoula
1183,BFM,Mob Aerospace Airport  Mobile
1184,MBY,Moberly Airport  Moberly
1185,MOB,"Mobile Regional Airport  Alabama, AL"
1186,MBG,Mobridge Airport  Mobridge
1187,NUQ,Moffett Field Airport  Mountain View
1188,MKK,Molokai Airport  Hoolehua
1189,ECS,Mondell Airport  Newcastle
1190,BLM,Monmouth Executive Airport  Belmar - Farmingdale
1191,MVC,Monroe - Walton County Airport  Monroeville
1192,MTP,Montauk Airport  Montauk
1193,MRY,Monterey Peninsula Airport  Monterey
1194,MVE,"Montevideo-Chippewa Airport  Montevideo, MN"
1195,CEZ,Montezuma County Airport  Cortez
1196,CXO,Montgomery Co Airport  Conroe
1197,GAI,Montgomery County Airport  Gaithersburg
1198,MYF,Montgomery Field Airport  San Diego
1199,MTJ,Montrose Regional Airport  Montrose
1200,QMV,Montvale Airport  Montvale
1201,MVM,"Monument Valley Airport  Kayenta, AZ"
1202,GMV,Monument Valley Airport  Monument Valley Gldngs
1203,VAD,Moody AFB Airport  Valdosta
1204,MOR,Moore-Murrell Airport  Morristown
1205,CFT,Morenci Airport  Clifton
1206,MGW,Morgantown Airport  Morgantown
1207,MVL,Morrisville-Stowe Airport  Stowe
1208,KMY,Moser Bay Airport  Moser Bay
1209,MOS,Moses Point Airport  Moses Point
1210,MGR,Moultrie Municipal Airport  Moultrie
1211,MPS,Mount Pleasant Airport  Mount Pleasant
1212,MUU,Mount Union Airport  Mount Union
1213,MWS,Mount Wilson Airport  Mount Wilson
1214,WMH,Mountain Home Airport  Mountain Home
1215,MOU,Mountain Village Airport  Mountain Village
1216,MCL,Mt Mckinley Airport  Mt Mckinley
1217,MSD,Mt Pleasant Airport  Mt Pleasant
1218,MPO,Mt Pocono Airport  Mt Pocono
1219,MVN,Mt Vernon-Outland Airport  Mt Vernon
1220,CDV,Mudhole Smith Airport  Cordova
1221,MUI,Muir AAF Airport  Fort Indiantown
1222,MHN,Mullen Airport  Mullen
1223,ABR,Municipal Airport  Aberdeen
1224,ABI,Municipal Airport  Abilene
1225,AFO,Municipal Airport  Afton
1226,AIK,Municipal Airport  Aiken
1227,ALM,Municipal Airport  Alamogordo
1228,ALS,Municipal Airport  Alamosa
1229,AXS,Municipal Airport  Altus
1230,AHH,Municipal Airport  Amery
1231,AID,Municipal Airport  Anderson
1232,ARB,"Municipal Airport  Ann Arbor, MI"
1233,AAF,Municipal Airport  Apalachicola
1234,AHF,Municipal Airport  Arapahoe
1235,AIO,Municipal Airport  Atlantic
1236,AVO,Municipal Airport  Avon Park
1237,BVX,Municipal Airport  Batesville
1238,BBB,Municipal Airport  Benson
1239,HKA,Municipal Airport  Blytheville
1240,WBU,Municipal Airport  Boulder
1241,TTO,Municipal Airport  Britton
1242,BYG,Municipal Airport  Buffalo
1243,BUB,Municipal Airport  Burwell
1244,CAR,Municipal Airport  Caribou
1245,CGZ,Municipal Airport  Casa Grande
1246,GHM,Municipal Airport  Centerville
1247,ENL,Municipal Airport  Centralia
1248,CCY,Municipal Airport  Charles City
1249,CHK,Municipal Airport  Chickasha
1250,CNH,Municipal Airport  Claremont
1251,ICL,Municipal Airport  Clarinda
1252,CLK,Municipal Airport  Clinton
1253,CVN,Municipal Airport  Clovis
1254,CFV,Municipal Airport  Coffeyville
1255,CBK,Municipal Airport  Colby
1256,CUS,Municipal Airport  Columbus
1257,CBF,Municipal Airport  Council Bluffs
1258,CSQ,Municipal Airport  Creston
1259,CKN,Municipal Airport  Crookston
1260,CRT,Municipal Airport  Crossett
1261,CUH,Municipal Airport  Cushing
1262,DNN,Municipal Airport  Dalton
1263,DAN,Municipal Airport  Danville
1264,DEH,Municipal Airport  Decorah
1265,DNS,Municipal Airport  Denison
1266,DTL,Municipal Airport  Detroit Lakes
1267,DLG,Municipal Airport  Dillingham
1268,DBN,Municipal Airport  Dublin
1269,DBQ,Municipal Airport  Dubuque
1270,ETN,Municipal Airport  Eastland
1271,EDE,Municipal Airport  Edenton
1272,ELK,Municipal Airport  Elk City
1273,EKI,Municipal Airport  Elkhart
1274,ETS,Municipal Airport  Enterprise
1275,EST,Municipal Airport  Estherville
1276,FBY,Municipal Airport  Fairbury
1277,FFL,Municipal Airport  Fairfield
1278,FLX,Municipal Airport  Fallon
1279,FBL,Municipal Airport  Faribault
1280,FMN,Municipal Airport  Farmington
1281,FAY,Municipal Airport  Fayetteville
1282,FYM,Municipal Airport  Fayetteville
1283,FIL,Municipal Airport  Fillmore
1284,FXY,Municipal Airport  Forest City
1285,FCY,Municipal Airport  Forrest City
1286,FMS,Municipal Airport  Fort Madison
1287,FSK,Municipal Airport  Fort Scott
1288,FKN,Municipal Airport  Franklin
1289,FDR,Municipal Airport  Frederick
1290,FET,Municipal Airport  Fremont
1291,FRH,Municipal Airport  French Lick
1292,FUL,Municipal Airport  Fullerton
1293,GAD,Municipal Airport  Gadsden
1294,GLE,Municipal Airport  Gainesville
1295,GDM,Municipal Airport  Gardner
1296,GLW,Municipal Airport  Glasgow
1297,GVE,Municipal Airport  Gordonsville
1298,GTG,Municipal Airport  Grantsburg
1299,GRE,Municipal Airport  Greenville
1300,GCY,Municipal Airport  Greenville
1301,HNS,Municipal Airport  Haines
1302,HPT,Municipal Airport  Hampton
1303,HVS,Municipal Airport  Hartsville
1304,HYS,Municipal Airport  Hays
1305,HYR,Municipal Airport  Hayward
1306,HUS,Municipal Airport  Hughes
1307,HBO,Municipal Airport  Humboldt
1308,HNB,Municipal Airport  Huntingburg
1309,IDG,Municipal Airport  Ida Grove
1310,IRB,Municipal Airport  Iraan
1311,IJX,Municipal Airport  Jacksonville
1312,AFN,Municipal Airport  Jaffrey
1313,EFW,Municipal Airport  Jefferson
1314,JOT,Municipal Airport  Joliet
1315,KLG,Municipal Airport  Kalskag
1316,KNT,Municipal Airport  Kennett
1317,ILE,Municipal Airport  Killeen
1318,IRK,Municipal Airport  Kirksville
1319,KDK,Municipal Airport  Kodiak
1320,LSE,Municipal Airport  La Crosse
1321,LCI,Municipal Airport  Laconia
1322,LCH,Municipal Airport  Lake Charles
1323,XES,Municipal Airport  Lake Geneva
1324,HII,Municipal Airport  Lake Havasu City
1325,LAL,Municipal Airport  Lakeland
1326,LPO,Municipal Airport  Laporte
1327,LRU,"Municipal Airport  Las Cruces, NM"
1328,LWV,Municipal Airport  Lawrenceville
1329,LAW,Municipal Airport  Lawton
1330,LRJ,Municipal Airport  Lemars
1331,LWT,Municipal Airport  Lewistown
1332,LBL,Municipal Airport  Liberal
1333,LIC,Municipal Airport  Limon
1334,MQB,Municipal Airport  Macomb
1335,AGO,Municipal Airport  Magnolia
1336,MHK,Municipal Airport  Manhattan
1337,MXA,Municipal Airport  Manila
1338,MTW,Municipal Airport  Manitowoc
1339,MKT,Municipal Airport  Mankato
1340,MRF,Municipal Airport  Marfa
1341,MNN,Municipal Airport  Marion
1342,MIW,Municipal Airport  Marshalltown
1343,MFI,Municipal Airport  Marshfield
1344,RRL,Municipal Airport  Merrill
1345,MLS,Municipal Airport  Miles City
1346,MHE,Municipal Airport  Mitchell
1347,MOD,"Municipal Airport  Modesto, CA"
1348,MLU,Municipal Airport  Monroe
1349,MXO,Municipal Airport  Monticello
1350,MOX,Municipal Airport  Morris
1351,MMU,Municipal Airport  Morristown
1352,MOP,Municipal Airport  Mount Pleasant
1353,MPZ,Municipal Airport  Mt Pleasant
1354,ENN,Municipal Airport  Nenana
1355,RNH,Municipal Airport  New Richmond
1356,TNU,Municipal Airport  Newton
1357,OCE,Municipal Airport  Ocean City
1358,OCN,Municipal Airport  Oceanside
1359,OGD,Municipal Airport  Ogden
1360,OLE,Municipal Airport  Olean
1361,OMK,Municipal Airport  Omak
1362,ONL,Municipal Airport  Oneill
1363,ONH,Municipal Airport  Oneonta
1364,OGB,Municipal Airport  Orangeburg
1365,OEO,Municipal Airport  Osceola
1366,OOA,Municipal Airport  Oskaloosa
1367,PSP,Municipal Airport  Palm Springs
1368,PAQ,Municipal Airport  Palmer
1369,PGR,Municipal Airport  Paragould
1370,PRO,Municipal Airport  Perry
1371,PTB,Municipal Airport  Petersburg
1372,PTS,Municipal Airport  Pittsburg
1373,POH,Municipal Airport  Pocahontas
1374,PCD,Municipal Airport  Prairie Du Chien
1375,PQI,Municipal Airport  Presque Isle
1376,UIN,Municipal Airport  Quincy
1377,RKW,Municipal Airport  Rockwood
1378,RBG,Municipal Airport  Roseburg
1379,RUI,Municipal Airport  Ruidoso
1380,STC,Municipal Airport  Saint Cloud
1381,SGU,Municipal Airport  Saint George
1382,SDP,Municipal Airport  Sand Point
1383,SBA,"Municipal Airport  Santa Barbara, CA"
1384,SNL,Municipal Airport  Shawnee
1385,FHU,Municipal Airport  Sierra Vista
1386,SGY,Municipal Airport  Skagway
1387,SPW,Municipal Airport  Spencer
1388,SVH,Municipal Airport  Statesville
1389,SLB,Municipal Airport  Storm Lake
1390,SUM,Municipal Airport  Sumter
1391,TVI,Municipal Airport  Thomasville
1392,TOR,Municipal Airport  Torrington
1393,TOI,Municipal Airport  Troy
1394,TCS,Municipal Airport  Truth Or Consequences
1395,VDZ,Municipal Airport  Valdez
1396,VRB,Municipal Airport  Vero Beach
1397,VDI,Municipal Airport  Vidalia
1398,ACT,Municipal Airport  Waco
1399,RBW,Municipal Airport  Walterboro
1400,UKN,Municipal Airport  Waukon
1401,AUW,Municipal Airport  Wausau
1402,EBS,Municipal Airport  Webster City
1403,ELZ,Municipal Airport  Wellsville
1404,AWM,Municipal Airport  West Memphis
1405,BRG,Municipal Airport  Whitesburg
1406,WGO,Municipal Airport  Winchester
1407,ONA,Municipal Airport  Winona
1408,FYV,Municipal Airport  Fayetteville
1409,AUZ,Municipal Airport  Aurora
1410,FNL,Municipal Airport  Fort Collins/Loveland
1411,JMN,Municipal Heliport Airport  Mankato
1412,JRC,Municipal Heliport Airport  Rochester
1413,JSK,Municipal Heliport Airport  Saint Cloud
1414,MML,Municipal-Ryan Field Airport  Marshall
1415,FWA,Municipal/Baer Field Airport  Fort Wayne
1416,RDG,Municipal/Spaatz Fld Airport  Reading
1417,EKA,"Murray Field Airport  Eureka, CA"
1418,MUT,Muscatine Airport  Muscatine
1419,MKG,Muskegon Airport  Muskegon
1420,MUV,Mustin Alf Airport  Philadelphia
1421,MYR,Myrtle Beach Afb Airport  Myrtle Beach
1422,NEL,Naec Airport  Lakehurst
1423,DGN,NAF Airport  Dahlgren
1424,NNK,Naknek Airport  Naknek
1425,NOL,Nakolik River Airport  Nakolik River
1426,ACK,Nantucket Memorial Airport  Nantucket
1427,KEB,Nanwalek Airport  Nanwalek
1428,APC,Napa County Airport  Napa
1429,WNA,Napakiak SPB Airport  Napakiak
1430,APF,Naples Airport  Naples
1431,NGZ,NAS Airport  Alameda
1432,NHZ,NAS Airport  Brunswick
1433,NFL,NAS Airport  Fallon
1434,NBU,NAS Airport  Glenview
1435,NRS,NAS Airport  Imperial Beach
1436,NQI,NAS Airport  Kingsville
1437,NTU,NAS Airport  Oceana
1438,NGU,Nas Chambers Airport  Norfolk
1439,NBG,NAS/Alvin Callendar Airport  New Orleans
1440,BNA,"Nashville International Airport  Nashville, TN"
1441,RLA,National Airport  Rolla
1442,GCN,National Park Airport  Grand Canyon
1443,CPR,"Natrona County International Airport  Casper, WY"
1444,NKI,Naukiti Airport  Naukiti
1445,EED,Needles Airport  Needles
1446,AXV,Neil Armstrong Airport  Wapakoneta
1447,LSV,"Nellis AFB Airport  Las Vegas, NV"
1448,NLG,Nelson Lagoon Airport  Nelson Lagoon
1449,EOS,Neosho Airport  Neosho
1450,NPH,Nephi Airport  Nephi
1451,NVD,Nevada Airport  Nevada
1452,EWB,New Bedford Airport  New Bedford
1453,ZRZ,New Carrolton RR Airport  Washington
1454,JCI,"New Century Aircenter Airport  Olathe, KS"
1455,NCN,New Chenega Airport  New Chenega
1456,HVN,New Haven Airport  New Haven
1457,KGK,New Koliganek Airport  New Koliganek
1458,GON,New London Airport  New London
1459,PSK,New River Valley Airport  Dublin
1460,KNW,New Stuyahok Airport  New Stuyahok
1461,ULM,New Ulm Airport  New Ulm
1462,EWR,Newark Liberty International Airport  Newark
1463,ONP,Newport Airport  Newport
1464,EFK,Newport Airport  Newport
1465,PHF,Newport News/williamsb Airport  Newport News
1466,LWS,Nez Perce County Rgnl Airport  Lewiston
1467,IAG,Niagara Falls International Airport  Niagara Falls
1468,NIE,Niblack Airport  Niblack
1469,NKV,"Nichen Cove Airport  Nichen Cove, AK"
1470,NME,Nightmute Airport  Nightmute
1471,NIB,Nikolai Airport  Nikolai
1472,IKO,Nikolski AFS Airport  Nikolski
1473,NIN,Ninilchik Airport  Ninilchik
1474,WTK,Noatak Airport  Noatak
1475,ARV,Noble F. Lee Airport  Minocqua
1476,OLS,Nogales International Airport  Nogales
1477,OME,Nome Airport  Nome
1478,NNL,Nondalton Airport  Nondalton
1479,ORF,Norfolk International Airport  Norfolk
1480,VGT,North Air Terminal Airport  Las Vegas
1481,OTH,North Bend Airport  North Bend
1482,SFZ,"North Central Airport  Pawtucket, RI"
1483,WPO,North Fork Valley Airport  Paonia
1484,NZY,North Island Nas Airport  San Diego
1485,JNH,North Park Inn H/P Airport  Dallas
1486,HWO,North Perry Airport  Hollywood
1487,PNE,North Philadelphia Airport  Philadelphia
1488,NGC,North Rim Airport  Grand Canyon
1489,UMB,North Shore Airport  Umnak Island
1490,ORT,Northway Airport  Northway
1491,XNA,"Northwest Arkansas Regional Airport  Fayetteville, AR"
1492,SBD,Norton Afb Airport  San Bernardino
1493,NOT,Novato Airport  Novato
1494,NRB,Ns Airport  Mayport
1495,NUI,Nuiqsut Airport  Nuiqsut
1496,NUL,Nulato Airport  Nulato
1497,NUP,Nunapitchuk Airport  Nunapitchuk
1498,ZNC,Nyac Airport  Nyac
1499,ODW,Oak Harbor Airport  Oak Harbor
1500,OAK,Oakland International Airport  Oakland
1501,OBT,"Oakland/Coliseum Stat Airport  Oakland, MD"
1502,OCA,Ocean Reef Airport  Ocean Reef
1503,OCI,Oceanic Airport  Oceanic
1504,CEU,Oconee County Airport  Clemson
1505,XZU,Off line Point Airport  Rail
1506,OGS,Ogdensburg Airport  Ogdensburg
1507,HLG,Ohio County Airport  Wheeling
1508,OSU,Ohio State University Airport  Columbus
1509,ATO,Ohio University Airport  Athens
1510,OKM,Okmulgee Airport  Okmulgee
1511,OLH,Old Harbor SPB Airport  Old Harbor
1512,OLD,Old Town Airport  Old Town
1513,NEN,Olf Usn Airport  Whitehouse
1514,KOY,Olga Bay SPB Airport  Olga Bay
1515,OLV,Olive Branch Arpt Airport  Olive Branch
1516,ONY,Olney Airport  Olney
1517,OLY,Olney-Noble Airport  Olney
1518,OLM,Olympia Airport  Olympia
1519,OEA,Oneal Airport  Vincennes
1520,RHI,Oneida County Airport  Rhinelander
1521,UCA,Oneida County Airport  Utica
1522,ONN,Onion Bay Airport  Onion Bay
1523,ONT,Ontario International Airport  Ontario
1524,ONO,Ontario Municipal Airport  Ontario
1525,OPF,Opa Locka Airport  Miami
1526,MGJ,Orange County Airport  Montgomery
1527,ANA,Orange County Steel Salvage Heliport Airport  Anaheim
1528,ESD,Orcas Island Airport  Eastsound
1529,ORL,Orlando Executive Airport  Orlando
1530,MCO,Orlando International Airport  Orlando
1531,SFB,Orlando Sanford International Airport  Sanford
1532,OVE,Oroville Airport  Oroville
1533,OSB,Osage Beach Airport  Osage Beach
1534,OKS,Oshkosh Airport  Oshkosh
1535,FMH,Otis AFB Airport  Falmouth
1536,GLR,Otsego County Airport  Gaylord
1537,OTM,Ottumwa Industrial Airport  Ottumwa
1538,ATW,Outagamie County Airport  Appleton
1539,CKV,"Outlaw Field Airport  Clarksville, TN"
1540,KOZ,Ouzinkie SPB Airport  Ouzinkie
1541,OWA,Owatonna Airport  Owatonna
1542,CUB,Owens Field Airport  Columbia
1543,SZP,Oxnard Airport  Santa Paula
1544,OZA,Ozona Municipal Airport  Ozona
1545,PFC,"Pacific City State Airport  Pacific City, OH"
1546,PBK,Pack Creek Airport  Pack Creek
1547,PFA,Paf Warren Airport  Paf Warren
1548,PGA,Page Airport  Page
1549,FMY,Page Field Airport  Fort Myers
1550,PCE,Painter Creek Airport  Painter Creek
1551,PWK,Pal-Waukee Airport  Chicago
1552,PSX,Palacios Airport  Palacios
1553,PSN,"Palestine Municipal Airport  Palestine, TX"
1554,PHK,Palm Beach Co Glades Airport  Pahokee
1555,LNA,Palm Beach County Park Airport  West Palm Beach
1556,PBI,Palm Beach International Airport  West Palm Beach
1557,PAO,Palo Alto Airport  Palo Alto
1558,EAT,Pangborn Field Airport  Wenatchee
1559,PNU,Panguitch Airport  Panguitch
1560,ZRF,Park & Ride Bus Svc Airport  Rockford
1561,PKF,Park Falls Airport  Park Falls
1562,PKD,Park Rapids Airport  Park Rapids
1563,HLM,Park Township Airport  Holland
1564,WEA,Parker County Airport  Weatherford
1565,KPK,Parks SPB Airport  Parks
1566,NWH,Parlin Field Airport  Newport
1567,PRB,Paso Robles Airport  Paso Robles
1568,FFO,Patterson Afb Airport  Dayton
1569,NHK,"Patuxent River NAS Airport  Patuxent River, MD"
1570,KPH,Pauloff Harbor SPB Airport  Pauloff Harbor
1571,PJB,Payson Airport  Payson
1572,PGS,Peach Springs Airport  Peach Springs
1573,PCU,Pearl River County Airport  Picayune
1574,PSM,"Pease International Airport  Portsmouth, NH"
1575,CTO,Peconic River Airport  Calverton
1576,PEQ,Pecos City Airport  Pecos City
1577,FST,Pecos County Airport  Fort Stockton
1578,PDB,Pedro Bay Airport  Pedro Bay
1579,PEC,Pelican SPB Airport  Pelican
1580,PMB,Pembina Airport  Pembina
1581,PDT,Pendleton Airport  Pendleton
1582,SEG,Penn Valley Airport  Selinsgrove
1583,JPN,Pentagon Army Airport  Washington
1584,JAJ,Perimeter Mall Airport  Atlanta
1585,PPA,Perry Lefors Field Airport  Pampa
1586,PYL,Perry SPB Airport  Perry Island
1587,FPY,Perry-Foley Airport  Perry
1588,KPV,Perryville SPB Airport  Perryville
1589,PSG,"Petersburg James A Johnson Airport  Petersburg, AK"
1590,MPJ,Petit Jean Park Airport  Morrilton
1591,EAN,Phifer Field Airport  Wheatland
1592,PHL,Philadelphia International Airport  Philadelphia
1593,PHP,Philip Airport  Philip
1594,TOP,Philip Billard Airport  Topeka
1595,APG,Phillips AAF Airport  Aberdeen
1596,PII,Phillips Field Airport  Fairbanks
1597,DVT,Phoenix Deer Valley Airport  Phoenix
1598,LQK,Pickens Airport  Pickens
1599,GSO,"Piedmont Triad International Airport  Greensboro, NC"
1600,NWS,Pier 11/Wall St. SPB Airport  New York
1601,PIR,Pierre Airport  Pierre
1602,MCB,Pike County Airport  Mccomb
1603,PIP,Pilot Point Airport  Pilot Point
1604,PQS,Pilot Station Airport  Pilot Station
1605,DUF,"Pine Island Airport  Corolla, NC"
1606,XPR,Pine Ridge Airport  Pine Ridge
1607,SOP,Pinehurst-S. Pines Airport  Southern Pines
1608,PGV,Pitt-Greenville Airport  Greenville
1609,PIT,"Pittsburgh International Airport  Pittsburgh, PA"
1610,PSF,Pittsfield Airport  Pittsfield
1611,PVF,Placerville Airport  Placerville
1612,PTU,Platinum Airport  Platinum
1613,PBG,Plattsburgh International Airport  Plattsburgh
1614,PTR,Pleasant Harbour Airport  Pleasant Harbour
1615,PLY,Plymouth Airport  Plymouth
1616,PYM,Plymouth Airport  Plymouth
1617,PIH,Pocatello Airport  Pocatello
1618,KPB,Point Baker SPB Airport  Point Baker
1619,PBA,Point Barrow Airport  Barrow
1620,PHO,Point Hope Airport  Point Hope
1621,NTD,"Point Mugu NAS Airport  Port Hueneme, CA"
1622,PXL,Polacca Airport  Polacca
1623,POE,Polk AAF Airport  Fort Polk
1624,POQ,Polk Inlet Airport  Polk Inlet
1625,PPM,Pompano Beach Airport  Pompano Beach
1626,PNC,Ponca City Airport  Ponca City
1627,PTK,Pontiac Airport  Pontiac
1628,POB,"Pope AFB Airport  Fayetteville, NC"
1629,GFD,Pope Field Airport  Greenfield
1630,PVY,Pope Vanoy Airport  Pope Vanoy
1631,PCK,Porcupine Creek Airport  Porcupine Creek
1632,PTD,Port Alexander Airport  Port Alexander
1633,PTC,Port Alice Airport  Port Alice
1634,PAK,Port Allen Airport  Hanapepe
1635,PTA,Port Alsworth Airport  Port Alsworth
1636,PTL,Port Armstrong Airport  Port Armstrong
1637,KPY,Port Bailey SPB Airport  Port Bailey
1638,KPC,Port Clarence Airport  Port Clarence
1639,CMH,Port Columbus International Airport  Columbus
1640,PFD,Port Frederick Airport  Port Frederick
1641,PGM,Port Graham Airport  Port Graham
1642,PTH,Port Heiden Airport  Port Heiden
1643,PRF,Port Johnson Airport  Port Johnson
1644,KYL,Port Largo Airport  Key Largo
1645,ORI,Port Lions SPB Airport  Port Lions
1646,PRL,Port Oceanic Airport  Port Oceanic
1647,PPV,Port Protection Airport  Port Protection
1648,PJS,Port San Juan Airport  Port San Juan
1649,TWD,Port Townsend Airport  Port Townsend
1650,PWR,Port Walter Airport  Port Walter
1651,KPR,Port Williams SPB Airport  Port Williams
1652,PCA,Portage Creek Airport  Portage Creek
1653,VPZ,Porter County Airport  Valparaiso
1654,PTV,Porterville Airport  Porterville
1655,HIO,Portland Airport  Hillsboro
1656,PDX,"Portland International Airport  Portland, OR"
1657,PTW,Pottstown/Limerick Airport  Pottstown
1658,PUL,Poulsbo Airport  Poulsbo
1659,POY,Powell Airport  Powell
1660,PTT,Pratt Airport  Pratt
1661,PRW,Prentice Airport  Prentice
1662,PRC,Prescott Airport  Prescott
1663,LYH,Preston-Glenn Field Airport  Lynchburg
1664,PNN,Princeton Airport  Princeton
1665,PCT,Princeton Airport  Princeton
1666,BLF,Princeton Airport  Princeton
1667,HPV,Princeville Airport  Kauai Island
1668,PRZ,Prineville Airport  Prineville
1669,PPC,Prospect Creek Airport  Prospect Creek
1670,PVC,Provincetown Airport  Provincetown
1671,PVU,Provo Airport  Provo
1672,PUO,Prudhoe Bay Airport  Prudhoe Bay
1673,SCC,Prudhoe Bay/Deadhorse Airport  Prudhoe Bay/Deadhorse
1674,BCT,Public Airport  Boca Raton
1675,SMX,Public Airport  Santa Maria
1676,SME,Pulaski County Airport  Somerset
1677,FLG,Pulliam Field Airport  Grand Canyon
1678,PUW,Pullman-Moscow Regional Airport  Pullman
1679,LAF,Purdue University Airport  Lafayette
1680,MLI,Quad-City Airport  Moline
1681,NYG,Quantico Nas Airport  Quantico
1682,JLA,Quartz Creek Airport  Cooper Lodge
1683,RZH,Quartz Hill Airport  Lancaster
1684,UQE,Queen Airport  Queen
1685,UIL,Quillayute State Airport  Quillayute
1686,MQI,Quincy Airport  Quincy
1687,HSB,Raleigh Airport  Harrisburg
1688,RDU,"Raleigh-durham International Airport  Raleigh/Durham, NC"
1689,TAL,Ralph Calhoun Airport  Tanana
1690,RMP,Rampart Airport  Rampart
1691,RND,Randolph AFB Airport  San Antonio
1692,RNG,Rangely Airport  Rangely
1693,RGR,Ranger Municipal Airport  Ranger
1694,RSP,Raspberry Strait Airport  Raspberry Strait
1695,RWL,Rawlins Airport  Rawlins
1696,RBL,Red Bluff Fss Airport  Red Bluff
1697,RDV,Red Devil Airport  Red Devil
1698,RDB,Red Dog Airport  Red Dog
1699,RBD,Redbird Airport  Dallas
1700,RDD,Redding Airport  Redding
1701,RWF,Redwood Falls Muni Airport  Redwood Falls
1702,REE,Reese AFB Airport  Lubbock
1703,DAB,Regional Airport  Daytona Beach
1704,FAM,Regional Airport  Farmington
1705,FSM,Regional Airport  Fort Smith
1706,PNS,Regional Airport  Pensacola
1707,RAP,Regional Airport  Rapid City
1708,SHV,Regional Airport  Shreveport
1709,TVF,Regional Airport  Thief River Falls
1710,VLD,Regional Airport  Valdosta
1711,HIE,Regional Airport  Whitefield
1712,REH,Rehoboth Beach Airport  Rehoboth Beach
1713,RHV,Reid-hillview Airport  San Jose
1714,GLD,Renner Field Airport  Goodland
1715,RNO,"Reno-Tahoe International Airport  Reno, NV"
1716,RNZ,Rensselaer Airport  Rensselaer
1717,RNT,"Renton Airport  Renton, WA"
1718,EHT,Rentschler Airport  East Hartford
1719,MHS,Rep Airport  Mount Shasta
1720,FRG,Republic Field Airport  Farmingdale
1721,RIF,Reynolds Airport  Richfield
1722,JXN,Reynolds Municipal Airport  Jackson
1723,RIE,Rice Lake Airport  Rice Lake
1724,RMG,Richard B Russell Airport  Rome
1725,SUW,Richard I Bong Arpt Airport  Superior
1726,MSS,Richards Field Airport  Massena
1727,GVW,Richards-Gebaur Airport  Grandview
1728,RLD,Richland Airport  Richland
1729,SDY,Richland Municipal Airport  Sidney
1730,RIC,"Richmond International Airport  Richmond, VA"
1731,RID,"Richmond Municipal Airport  Richmond, IN"
1732,AMA,"Rick Husband Amarillo International Airport  Amarillo, TX"
1733,LCK,Rickenbacker Airport  Columbus
1734,BDF,Rinkenberger Airport  Bradford
1735,RIR,Riverside Fla-Bob Airport  Riverside
1736,RAL,Riverside Municipal Airport  Riverside
1737,RIW,"Riverton Regional Airport  Riverton, WY"
1738,ROA,Roanoke Regional Airport  Roanoke
1739,WVL,Robert Lafleur Airport  Waterville
1740,RKR,Robert S Kerr Airport  Poteau
1741,SYL,Roberts AAF Airport  San Miguel
1742,RDM,Roberts Field Airport  Redmond
1743,WRB,Robins AFB Airport  Macon
1744,RCE,Roche Harbor Airport  Roche Harbor
1745,RST,Rochester International Airport  Rochester
1746,JVL,Rock County Airport  Janesville
1747,RKH,Rock Hill Airport  Rock Hill
1748,RWI,Rocky Mount-wilson Airport  Rocky Mount
1749,ROG,Rogers Airport  Rogers
1750,MFR,Rogue Valley International - Medford Airport  Medford
1751,VIH,Rolla National Airport  Vichy
1752,RFK,Rollang Field Airport  Anguilla
1753,DCA,"Ronald Reagan Washington National Airport  Washington, DC"
1754,RFG,Rooke Field Airport  Refugio
1755,ROL,Roosevelt Airport  Roosevelt
1756,RSJ,Rosario SPB Airport  Rosario
1757,CRX,Roscoe Turner Airport  Corinth
1758,HTL,Roscommon County Airport  Houghton
1759,STJ,Rosecrans Memorial Airport  St Joseph
1760,BEH,Ross Field Airport  Benton Harbor
1761,ROW,Roswell Industrial Airport  Roswell
1762,RTD,Rotunda Airport  Rotunda
1763,RPX,Roundup Airport  Roundup
1764,RSX,Rouses Point Airport  Rouses Point
1765,RWB,Rowan Bay Airport  Rowan Bay
1766,SRW,Rowan County Airport  Salisbury
1767,MIF,Roy Hurd Memorial Airport  Monahans
1768,RBY,Ruby Airport  Ruby
1769,BYI,Rupert Airport  Rupert
1770,RSL,Russell Airport  Russell
1771,RSH,Russian SPB Airport  Russian Mission
1772,RSN,Ruston Airport  Ruston
1773,RUT,Rutland Airport  Rutland
1774,BTR,Ryan Airport  Baton Rouge
1775,HMT,Ryan Field Airport  Hemet
1776,SMF,"Sacramento International Airport  Sacramento, CA"
1777,MHR,"Sacramento Mather Airport  Sacramento, CA"
1778,SAD,Safford Airport  Safford
1779,SGW,Saginaw Bay Airport  Saginaw Bay
1780,SAG,Sagwon Airport  Sagwon
1781,KSM,Saint Marys Airport  Saint Marys
1782,SNP,Saint Paul Island Airport  Saint Paul Island
1783,SLT,Salida Airport  Salida
1784,SLN,Salina Airport  Salina
1785,SBO,Salina Airport  Salina
1786,SNS,Salinas Airport  Salinas
1787,SMN,Salmon Airport  Salmon
1788,SLC,"Salt Lake City International Airport  Salt Lake City, UT"
1789,BTF,Salt Lake Skypark Airport  Bountiful
1790,SAS,Salton City Airport  Salton City
1791,CTZ,Sampson County Airport  Clinton
1792,BRY,"Samuels Field Airport  Bardstown, KY"
1793,SAT,San Antonio International Airport  San Antonio
1794,SQL,San Carlos Airport  San Carlos
1795,SAN,San Diego International Airport  San Diego
1796,SFO,"San Francisco International Airport  San Francisco, CA"
1797,MXC,San Juan County Airport  Monticello
1798,WSJ,San Juan SPB Airport  San Juan
1799,SBP,San Luis County Regional Airport  San Luis Obispo
1800,JSG,San Rafael H/P Airport  San Rafael
1801,SHN,Sanderson Field Airport  Shelton
1802,SFM,Sanford Airport  Sanford
1803,SZN,Santa Cruz Island Airport  Santa Barbara
1804,SAF,Santa Fe Airport  Santa Fe
1805,SMO,Santa Monica Airport  Santa Monica
1806,SQA,Santa Ynez Airport  Santa Ynez
1807,SRQ,"Sarasota-Bradenton International Airport  Sarasota, FL"
1808,WSF,Sarichef Airport  Sarichef
1809,SAV,Savannah/Hilton Head Airport  Savannah
1810,SVA,Savoonga Airport  Savoonga
1811,MQT,Sawyer International Airport  Marquette
1812,SCH,"Schenectady County Airport  Schenectady, NY"
1813,SUC,Schloredt Airport  Sundance
1814,GLS,Scholes Field Airport  Galveston
1815,BFF,Scotts Bluff County Airport  Scottsbluff
1816,SCF,Scottsdale Municipal Airport  Phoenix
1817,BVD,Sea Port Airport  Beaver Inlet
1818,SYB,Seal Bay Airport  Seal Bay
1819,SRC,Searcy Airport  Searcy
1820,SWO,Searcy Fld Airport  Stillwater
1821,OGA,Searle Field Airport  Ogallala
1822,SEA,"Seattle-Tacoma International Airport  Seattle, WA"
1823,SEF,"Sebring Regional Airport  Sebring, Fl"
1824,DMO,Sedalia Airport  Sedalia
1825,SDX,Sedona Airport  Sedona
1826,WLK,Selawik Airport  Selawik
1827,SOV,Seldovia Airport  Seldovia
1828,SES,Selfield Airport  Selma
1829,GUP,Senator Clark Airport  Gallup
1830,SQV,Sequim Valley Arpt Airport  Sequim
1831,SWD,Seward Airport  Seward
1832,SHX,Shageluk Airport  Shageluk
1833,SKK,Shaktoolik Airport  Shaktoolik
1834,NRI,Shangri-la Airport  Shangri-la
1835,LRO,Sharpe AAF Airport  Lathrop
1836,TGE,Sharpe Field Airport  Tuskegee
1837,SSC,Shaw AFB Airport  Sumter
1838,SMU,Sheep Mountain Airport  Sheep Mountain
1839,MSL,Sheffield Airport  Sheffield
1840,SBX,Shelby Airport  Shelby
1841,SXP,Sheldon SPB Airport  Sheldon Point
1842,SYA,Shemya AFB Airport  Shemya
1843,SHD,Shenandoah Valley Airport  Staunton
1844,SPS,Sheppard AFB Airport  Wichita Falls
1845,SHR,Sheridan Airport  Sheridan
1846,FLV,Sherman AAF Airport  Fort Leavenworth
1847,CSM,Sherman Airport  Clinton
1848,PWD,Sherwood Airport  Plentywood
1849,SHH,Shishmaref Airport  Shishmaref
1850,SAA,Shively Field Airport  Saratoga
1851,HCB,Shoal Cove Airport  Shoal Cove
1852,SOW,"Show Low Airport  Show Low, AZ"
1853,DTN,"Shreveport Downtown Airport  Shreveport, LA"
1854,SHG,Shungnak Airport  Shungnak
1855,SNY,Sidney Airport  Sidney
1856,SXY,Sidney Airport  Sidney
1857,JSD,"Sikorsky Heliport Airport  Stratford, CT"
1858,FBG,Simmons AAF Airport  Fort Bragg
1859,EWN,Simmons Nott Airport  New Bern
1860,SUX,Sioux Gateway Airport  Sioux City
1861,SIY,Siskiyou County Airport  Montague
1862,SIT,Sitka Airport  Sitka
1863,SKJ,Sitkinak Cgs Airport  Sitkinak Island
1864,MVW,Skagit Regional Airport  Mount Vernon
1865,SKW,Skwentna Airport  Skwentna
1866,PHX,Sky Harbor International Airport  Phoenix
1867,SRU,Skypark Airport  Santa Cruz
1868,SLQ,Sleetmute Airport  Sleetmute
1869,ISN,Sloulin Field International Airport  Williston
1870,MAC,Smart Airport  Macon
1871,SCJ,Smith Cove Airport  Smith Cove
1872,SMD,"Smith Field Airport  Fort Wayne, IN"
1873,SLG,Smith Field Airport  Siloam Springs
1874,INT,Smith-Reynolds Airport  Winston Salem
1875,MQY,Smyrna Airport  Smyrna
1876,PAE,Snohomish County Airport  Everett
1877,ONM,Socorro Airport  Socorro
1878,SXQ,Soldotna Airport  Soldotna
1879,SOL,Solomon Airport  Solomon
1880,STS,Sonoma County Airport  Santa Rosa
1881,SBN,South Bend Regional Airport  South Bend
1882,GEY,South Big Horn County Airport  Greybull
1883,TVL,South Lake Tahoe Airport  South Lake Tahoe
1884,WSN,South Naknek Airport  South Naknek
1885,BRO,South Padre Is International Airport  Brownsville
1886,NZW,South Weymouth Airport  South Weymouth
1887,VCV,"Southern California Logistics Airport  Victorville, CA"
1888,MDH,Southern Illinois Airport  Carbondale
1889,BCS,Southern Seaplane Airport  Belle Chasse
1890,RSW,Southwest Florida Reg Airport  Fort Myers
1891,SVW,Sparrevohn AFS Airport  Sparrevohn
1892,SAR,Sparta Community Airport  Sparta
1893,SPA,"Spartanburg, Downtown Memorial Airport  Spartanburg, SC"
1894,KKI,Spb Airport  Akiachak
1895,KCN,SPB Airport  Chernofski
1896,FNR,SPB Airport  Funter Bay
1897,HWI,SPB Airport  Hawk Inlet
1898,HYL,SPB Airport  Hollis
1899,WHD,SPB Airport  Hyder
1900,KIB,SPB Airport  Ivanof Bay
1901,KKB,SPB Airport  Kitoi Bay
1902,MTM,SPB Airport  Metlakatla
1903,WMK,SPB Airport  Meyers Chuck
1904,MPB,SPB Airport  Miami
1905,PKA,SPB Airport  Napaskiak
1906,PMU,SPB Airport  Paimiut
1907,PSQ,SPB Airport  Philadelphia
1908,SCM,SPB Airport  Scammon Bay
1909,WSB,SPB Airport  Steamboat Bay
1910,KTH,SPB Airport  Tikchik
1911,WYB,SPB Airport  Yes Bay
1912,RTL,Spirit Lake Airport  Spirit Lake
1913,SUS,Spirit Of St Louis Airport  St Louis
1914,OIL,"Splane Memorial Airport  Oil City, PA"
1915,GEG,Spokane International Airport  Spokane
1916,SPZ,Springdale Muni Airport  Springdale
1917,SGH,Springfield Airport  Springfield
1918,ZSF,Springfield MA RR Airport  Springfield
1919,SGF,Springfield-Branson Rg Airport  Springfield
1920,UST,St Augustine Airport  St Augustine
1921,PLR,St Clair County Airport  Pell City
1922,PHN,St Clair County International Airport  Port Huron
1923,STG,St George Island Airport  St George Island
1924,SJN,St Johns Airport  St Johns
1925,OPL,St Landry Parish Airport  Opelousas
1926,FPR,St Lucie County Airport  Fort Pierce
1927,XSM,St Marys Airport  St Marys
1928,LTW,St Marys County Airport  Leonardtown
1929,SMK,St Michael Airport  St Michael
1930,CPS,"St. Louis Downtown Airport  St Louis, Il"
1931,PIE,St. Petersburg-Clearwater International Airport  Clearwater
1932,ISO,Stallings Field Airport  Kinston
1933,BDY,State Airport  Bandon
1934,CHZ,State Airport  Chiloquin
1935,ESW,State Airport  Easton
1936,GOL,State Airport  Gold Beach
1937,HES,State Airport  Hermiston
1938,NPT,State Airport  Newport
1939,REO,State Airport  Rome
1940,SCB,State Airport  Scribner
1941,VSF,State Airport  Springfield
1942,TBR,"Statesboro-Bulloch County Airport  Statesboro, GA"
1943,SBS,Steamboat Springs Airport  Steamboat Springs
1944,WBB,Stebbins Airport  Stebbins
1945,JSL,Steel Pier Hlpt Airport  Atlantic City
1946,OFK,Stefan Field Airport  Norfolk
1947,SLJ,Stellar Air Park Airport  Chandler
1948,BKD,Stephens County Airport  Breckenridge
1949,STE,Stevens Point Airport  Stevens Point
1950,SVS,Stevens Village Airport  Stevens Village
1951,SWF,Stewart Airport  Newburgh
1952,SSF,Stinson Municipal Airport  San Antonio
1953,SCK,Stockton Metropolitan Airport  Stockton
1954,VLO,Stolport Airport  Vallejo
1955,SRV,Stony River Airport  Stony River
1956,SUD,Stroud Airport  Stroud
1957,SSW,Stuart Island Airport  Stuart Island
1958,SGT,"Stuttgart Municipal Airport  Stuttgart, AR"
1959,FOK,Suffolk County Airport  Westhampton
1960,SGR,"Sugar Land Regional Airport  Houston, TX"
1961,MSV,Sullivan County International Airport  Monticello
1962,SLR,Sulphur Springs Airport  Sulphur Springs
1963,UMM,Summit Airport  Summit
1964,SUO,Sun River Airport  Sun River
1965,SUN,Sun Valley Airport  Sun Valley
1966,SVE,Susanville Airport  Susanville
1967,GED,Sussex County Airport  Georgetown
1968,SWW,Sweetwater Airport  Sweetwater
1969,RKS,Sweetwater County Airport  Rock Springs
1970,SYV,Sylvester Airport  Sylvester
1971,SYR,Syracuse Hancock International Airport  Syracuse
1972,PVD,T. F. Green Airport  Providence
1973,TIW,Tacoma Industrial Airport  Tacoma
1974,HNE,Tahneta Pass Airport  Tahneta Pass Lodge
1975,TCT,Takotna Airport  Takotna
1976,TKL,Taku SPB Airport  Taku Lodge
1977,TKA,Talkeetna Airport  Talkeetna
1978,ASN,Talladega Airport  Talladega
1979,TLH,Tallahassee Regional Airport  Tallahassee
1980,TMB,Tamiami Airport  Miami
1981,TPA,Tampa International Airport  Tampa
1982,TSG,Tanacross Airport  Tanacross
1983,TPO,Tanalian Point Airport  Tanalian Point
1984,TLJ,Tatalina AFS Airport  Tatalina
1985,TEK,Tatitlek Airport  Tatitlek
1986,TWE,Taylor Airport  Taylor
1987,TYZ,Taylor Airport  Taylor
1988,OCF,Taylor Field Airport  Ocala
1989,JAE,Technology Park Airport  Atlanta
1990,ANC,Ted Stevens Anchorage International Airport  Anchorage
1991,MQW,Telfair-Wheeler Airport  Mc Rae
1992,TLA,Teller Airport  Teller
1993,TEX,Telluride Airport  Telluride
1994,TKE,Tenakee SPB Airport  Tenakee Springs
1995,HUM,Terrebonne Airport  Houma
1996,TRL,Terrell Field Airport  Terrell
1997,XSD,Test Range Airport  Tonopah
1998,TEB,Teterboro Airport  Teterboro
1999,TEH,Tetlin Airport  Tetlin
2000,JOR,The City Heliport Airport  Orange
2001,HBG,The Hattiesburg-Bobby L. Chain Mun. Airport  Hattiesburg
2002,TRM,Thermal Airport  Thermal
2003,ALX,Thomas C Russell Fld Airport  Alexander City
2004,HEE,Thompson-Robbins Airport  Helena
2005,THM,Thompsonfield Airport  Thompsonfield
2006,KTB,Thorne Bay Airport  Thorne Bay
2007,TNC,"Tin City Afs Airport  Tin City, AK"
2008,TIK,Tinker AFB Airport  Oklahoma City
2009,FME,Tipton AAF Airport  Fort Meade
2010,TOC,Toccoa Airport  Toccoa
2011,GFB,Togiak Fish Airport  Togiak Fish
2012,TOG,Togiak Village Airport  Togiak Village
2013,TKJ,Tok Airport  Tok
2014,TDZ,Toledo Airport  Toledo
2015,TOL,"Toledo Express Airport  Toledo, OH"
2016,ITH,Tompkins County Airport  Ithaca
2017,TPH,Tonopah Arpt Airport  Tonopah
2018,KYO,Topp Of Tampa Airport  Tampa
2019,TOA,Torrance Airport  Torrance
2020,TDW,Tradewind Airport  Amarillo
2021,SUU,Travis AFB Airport  Fairfield
2022,TRT,Tremonton Airport  Tremonton
2023,TTN,"Trenton Mercer Airport  Trenton, NJ"
2024,LNR,Tri County Airport  Lone Rock
2025,PSC,"Tri-cities Airport  Pasco, WA"
2026,TRI,Tri-cities Regional Airport  Blountville
2027,PPF,Tri-City Airport  Parsons
2028,SBT,Tri-City Airport  San Bernardino
2029,ANQ,Tri-State Steuben Cty Airport  Angola
2030,HTS,Tri-State/Milton Airport  Huntington
2031,TRH,Trona Airport  Trona
2032,TTD,Troutdale Airport  Troutdale
2033,TKF,"Truckee-Tahoe Airport  Truckee, CA"
2034,CNW,"TSTC Waco Airport  Waco, TX"
2035,TBC,Tuba City Airport  Tuba City
2036,TUS,"Tucson International Airport  Tucson, AZ"
2037,TCC,Tucumcari Airport  Tucumcari
2038,THA,"Tullahoma/William Northern Field Airport  Tullahoma, TN"
2039,TUL,Tulsa International Airport  Tulsa
2040,TLT,Tuluksak Airport  Tuluksak
2041,WTL,Tuntutuliak Airport  Tuntutuliak
2042,TNK,Tununak Airport  Tununak
2043,TNP,Twentynine Palms Airport  Twentynine Palms
2044,TWA,Twin Hills Airport  Twin Hills
2045,TWH,Two Harbors Airport  Catalina Island
2046,TYR,Tyler Pounds Regional Airport  Tyler
2047,PAM,"Tyndall AFB Airport  Panama City, FL"
2048,UGI,Uganik Airport  Uganik
2049,UGB,Ugashik Bay Airport  Pilot Point
2050,UKI,Ukiah Airport  Ukiah
2051,UMT,Umiat Airport  Umiat
2052,UNS,Umnak Airport  Umnak Island
2053,UNK,Unalakleet Airport  Unalakleet
2054,CMI,University Of Illinois Willard Airport  Champaign
2055,SCE,University Park Airport  State College
2056,UOX,University-Oxford Airport  Oxford
2057,UPP,Upolu Point Airport  Upolu Point
2058,UKT,Upper Bucks Airport  Quakertown
2059,JLH,US Army Heliport Airport  Arlington Heights
2060,AFF,USAF Academy Airstrip Airport  Colorado Springs
2061,WWS,USAF Heliport Airport  Wildwood
2062,NDV,USN Heliport Airport  Anacostia
2063,HRL,Valley International Airport  Harlingen
2064,TCL,"Van De Graaf Airport  Tuscaloosa, AL"
2065,VNY,"Van Nuys Airport  Los Angeles, CA"
2066,QKB,Van Service Airport  Breckenridge
2067,QCE,Van Service Airport  Copper Mountain
2068,QWP,Van Service Airport  Winter Park
2069,END,Vance Afb Airport  Enid
2070,VLA,Vandalia Airport  Vandalia
2071,ZRK,VanGalder Bus Termina Airport  Rockford
2072,VEE,Venetie Airport  Venetie
2073,VNC,"Venice Municipal Airport  Venice, FL"
2074,OXR,Ventura Airport  Ventura
2075,DNV,"Vermilion County Airport  Danville, IL"
2076,VEL,"Vernal Airport  Vernal, UT"
2077,VRS,Versailles Airport  Versailles
2078,VCB,View Cove Airport  View Cove
2079,KWP,Village SPB Airport  West Point
2080,BFR,Virgil I Grissom Muni Airport  Bedford
2081,VJI,Virginia Highlands Airport  Abingdon
2082,BCB,Virginia Tech Airport  Blacksburg
2083,VIS,Visalia Airport  Visalia
2084,VOK,Volk Field Airport  Camp Douglas
2085,OTO,Vor Airport  Otto
2086,LHV,W T Piper Memorial Airport  Lock Haven
2087,WAH,Wahpeton Airport  Wahpeton
2088,WKL,Waikoloa Airport  Waikoloa
2089,AIN,Wainwright Airport  Wainwright
2090,WAA,Wales Airport  Wales
2091,GJT,Walker Field Airport  Grand Junction
2092,ALW,Walla Walla Airport  Walla Walla
2093,WAL,Wallops Flight Center Airport  Chincoteague
2094,ARG,Walnut Ridge Airport  Walnut Ridge
2095,DWS,Walt Disney World Airport  Orlando
2096,GBR,Walter J. Koladza Airport  Great Barrington
2097,WLM,Waltham Airport  Waltham
2098,UWA,Ware Airport  Ware
2099,AYS,Ware County Airport  Waycross
2100,BNF,Warm Spring Bay SPB Airport  Baranof
2101,FEW,Warren AFB Airport  Cheyenne
2102,BWG,Warren County Airport  Bowling Green
2103,GFL,Warren County Airport  Glens Falls
2104,RNC,Warren County Airport  Mcminnville
2105,OCW,Warren Field Airport  Washington
2106,RRT,Warroad Airport  Warroad
2107,HGR,Wash. County Regional Airport  Hagerstown
2108,IAD,"Washington Dulles International Airport  Washington, DC"
2109,WWA,Wasilla Airport  Wasilla
2110,OXC,"Waterbury-oxford Airport  Oxford, CT"
2111,KWF,Waterfall SPB Airport  Waterfall
2112,WFB,Waterfront SPB Airport  Ketchikan
2113,ALO,Waterloo Airport  Waterloo
2114,ART,Watertown Airport  Watertown
2115,ATY,Watertown Airport  Watertown
2116,WVI,Watsonville Airport  Watsonville
2117,UES,Waukesha Airport  Waukesha
2118,BJJ,Wayne County Airport  Wooster
2119,BGS,Webb AFB Airport  Big Spring
2120,EUF,Weedon Field Airport  Eufaula
2121,EDG,Weide AAF Airport  Edgewood
2122,GXY,Weld County Airport  Greeley
2123,ENV,Wendover Airport  Wendover
2124,JRA,West 30th St Heliport Airport  New York
2125,ETB,West Bend Airport  West Bend
2126,VKW,West Kavik Airport  West Kavik
2127,XPU,West Kuparuk Airport  West Kuparuk
2128,WWR,West Woodward Airport  Woodward
2129,HPN,Westchester County Airport  White Plains
2130,WST,Westerly State Airport  Westerly
2131,LBE,Westmoreland County Airport  Latrobe
2132,CEF,Westover Metro Arpt Airport  Springfield
2133,WSX,Westsound Airport  Westsound
2134,WWP,Whale Pass Airport  Whale Pass
2135,WHT,Wharton Airport  Wharton
2136,HHI,Wheeler AFB Airport  Wahiawa
2137,NUW,Whidbey Island NAS Airport  Oak Harbor
2138,WMO,White Mountain Airport  White Mountain
2139,WTR,White River Airport  White River
2140,LEB,White River Airport  White River
2141,SZL,Whiteman AFB Airport  Kansas
2142,WHP,Whiteman Airport  Los Angeles
2143,SQI,Whiteside County Airport  Sterling Rockfalls
2144,NSE,Whiting Field NAS Airport  Milton
2145,SBY,Wicomico Regional Airport  Salisbury-Ocean City
2146,EWD,Wildman Lake Airport  Wildman Lake
2147,CBE,Wiley Ford Airport  Cumberland
2148,PWA,Wiley Post Airport  Oklahoma City
2149,BRW,Wiley Post/W.Rogers M Airport  Barrow
2150,QWG,"Wilgrove Air Park Airport  Charlotte, NC"
2151,IKB,Wilkes County Airport  Wilkesboro
2152,AVP,"Wilkes-Barre/Scranton International Airport  Wilkes-Barre/Scranton, PA"
2153,WBW,"Wilkes-Barre/Wyoming Valley Airport  Wilkes-Barre, PA"
2154,OKC,Will Rogers World Airport  Oklahoma City
2155,WJF,William J Fox Airport  Lancaster
2156,HOU,"William P Hobby Airport  Houston, TX"
2157,CHD,Williams Gateway Airport  Mesa
2158,PTN,Williams Memorial Airport  Patterson
2159,MWA,Williamson County Airport  Marion
2160,ILL,Willmar Airport  Willmar
2161,WOW,Willow Airport  Willow
2162,NXX,Willow Grove NAS Airport  Willow Grove
2163,YIP,"Willow Run Airport  Detroit, MI"
2164,ILM,Wilmington International Airport  Wilmington
2165,WDR,Winder Airport  Winder
2166,MWM,"Windom Municipal Airport  Windom, MN"
2167,BBX,Wings Field Airport  Blue Bell
2168,INK,Wink Airport  Wink
2169,TDO,Winlock Airport  Toledo
2170,WMC,Winnemucca Airport  Winnemucca
2171,INW,"Winslow-Lindbergh Airport  Winslow, AZ"
2172,LMS,Winston County Airport  Louisville
2173,SNK,Winston Field Airport  Snyder
2174,ISS,Wiscasset Airport  Wiscasset
2175,LNP,Wise Airport  Wise
2176,WSM,Wiseman Airport  Wiseman
2177,SUA,Witham Field Airport  Stuart
2178,OSH,Wittman Field Airport  Oshkosh
2179,BTL,WK Kellogg Regional Airport  Battle Creek
2180,OLF,Wolf Point International Airport  Wolf Point
2181,PKB,Wood County Airport  Parkersburg
2182,WOD,Wood River Airport  Wood River
2183,WOO,Woodchopper Airport  Woodchopper
2184,CDN,Woodward Fld Airport  Camden
2185,ORH,Worcester Regional Airport  Worcester
2186,WRL,"Worland Airport  Worland, WY"
2187,WTC,World Trade Center Airport  New York
2188,OTG,Worthington Airport  Worthington
2189,WRG,Wrangell SPB Airport  Wrangell
2190,DWF,Wright AFB Airport  Dayton
2191,OSC,Wurtsmith AFB Airport  Oscoda
2192,CYT,Yakataga Airport  Yakataga
2193,YKM,Yakima Air Terminal Airport  Yakima
2194,YAK,Yakutat Airport  Yakutat
2195,HDN,Yampa Valley Airport  Hayden
2196,CRW,Yeager Airport  Charleston
2197,ELY,Yelland Airport  Ely
2198,WYS,Yellowstone Airport  West Yellowstone
2199,COD,Yellowstone Regional Airport  Cody/Yellowstone
2200,EYR,Yerington Airport  Yerington
2201,THV,York Airport  York
2202,OYS,Yosemite Ntl Park Airport  Yosemite Ntl Park
2203,YNG,Youngstown Airport  Youngstown
2204,RKC,Yreka Airport  Yreka
2205,MYV,Yuba County Airport  Marysville
2206,YUM,Yuma International Airport  Yuma
2207,KZB,Zachar Bay SPB Airport  Zachar Bay
2208,AYZ,Zahns Airport  Amityville
2209,ZZV,Zanesville Airport  Zanesville
2210,ZPH,Zephyrhills Airport  Zephyrhills
2211,WAX,Zwara Airport  Zwara
2212,CSG,Columbus Metropolitan Airport
2213,ECP,Northwest Florida Beaches International Airport
2214,SJU,Luis Muñoz Marín International Airport
2215,AZA,Phoenix-Mesa Gateway Airport
2216,USA,Concord Regional Airport
2217,BQN,Rafael Hernández International Airport
2218,PSE,Mercedita International Airport
2219,STT,Cyril E. King Airport
2220,STX,Henry E. Rohlsen Airport
2221,GUM,Antonio B. Won Pat International Airport
2222,SPN,Saipan International Airport
2223,TXK,Texarkana Regional Airport
2224,PPG,Pago Pago International Airport
